ticket_id,client_id,department,opened_date,resolved_date,sla_hours,priority,agent_id
T0001,C048,Security,2024-11-11 04:33:31,2024-11-13 03:25:15.845927,48,Medium,A024
T0002,C022,Security,2025-03-10 02:48:01,2025-03-12 07:25:35.783302,48,Medium,A003
T0003,C001,IT Support,2024-12-06 15:05:10,2024-12-06 21:11:59.949618,72,Medium,A014
T0004,C015,Networking,2025-02-18 18:30:09,2025-02-20 03:10:53.785603,48,Low,A013
T0005,C049,Cloud Services,2025-01-21 21:41:52,2025-01-22 08:30:42.952956,72,Medium,A004
T0006,C045,Security,2025-01-11 00:49:41,2025-01-15 19:07:43.683558,48,Medium,A004
T0007,C022,Cloud Services,2024-11-29 14:28:01,2024-12-05 07:50:58.509929,48,High,A013
T0008,C028,Cloud Services,2024-11-09 20:44:02,2024-11-10 13:33:20.922173,24,Low,A020
T0009,C028,IT Support,2024-12-11 12:12:59,2024-12-15 23:17:43.556423,48,Medium,A001
T0010,C013,IT Support,2025-04-19 08:52:02,2025-04-20 00:06:49.484992,48,Medium,A006
T0011,C037,IT Support,2025-03-20 15:58:30,2025-03-22 02:17:20.600332,48,Low,A012
T0012,C032,Cloud Services,2025-03-14 23:03:38,2025-03-15 12:29:41.255586,24,Medium,A020
T0013,C012,Networking,2025-04-30 12:43:06,2025-05-01 10:24:47.193420,72,Medium,A003
T0014,C017,Security,2024-12-11 18:18:28,2024-12-12 11:29:18.383502,48,Medium,A002
T0015,C032,IT Support,2025-02-17 21:45:33,2025-02-18 23:10:11.926929,24,Medium,A030
T0016,C032,Networking,2024-11-12 05:17:49,2024-11-12 12:48:37.532777,48,Low,A004
T0017,C017,Security,2025-04-21 00:54:15,2025-04-21 04:57:03.693346,48,High,A005
T0018,C011,Security,2025-01-28 21:07:51,2025-01-30 21:09:18.047607,48,Low,A001
T0019,C016,IT Support,2025-03-20 01:40:39,2025-03-20 09:31:08.205088,48,High,A028
T0020,C003,Security,2025-01-21 12:59:28,2025-01-23 19:19:11.979682,24,Low,A007
T0021,C039,Networking,2024-12-24 00:28:22,2024-12-24 09:40:11.209655,48,High,A011
T0022,C023,Security,2024-12-20 06:40:30,2024-12-21 02:41:50.484595,24,High,A003
T0023,C048,IT Support,2025-04-29 17:29:47,2025-04-30 05:57:05.739530,24,Medium,A017
T0024,C012,IT Support,2025-02-11 10:06:11,2025-02-11 23:23:35.353451,24,High,A027
T0025,C019,Cloud Services,2025-01-14 18:22:56,2025-01-15 04:25:12.997215,48,High,A020
T0026,C024,Cloud Services,2025-03-20 10:11:14,2025-03-24 18:52:53.707991,72,Low,A008
T0027,C035,Cloud Services,2025-02-18 19:45:52,2025-02-21 21:37:19.866505,48,Low,A003
T0028,C046,Networking,2024-11-16 16:47:01,2024-11-23 23:21:02.157833,48,Medium,A003
T0029,C033,Cloud Services,2024-12-09 11:52:03,2024-12-11 14:31:43.288111,48,Low,A021
T0030,C008,Security,2025-02-27 19:27:17,2025-02-28 04:54:41.407640,48,Medium,A001
T0031,C022,Security,2024-11-13 15:16:11,2024-11-15 04:48:32.062475,48,Low,A030
T0032,C008,Security,2024-11-09 18:37:23,2024-11-17 00:00:50.065385,48,Medium,A021
T0033,C033,IT Support,2025-01-17 21:05:04,2025-01-19 06:36:33.624055,48,Low,A016
T0034,C049,Cloud Services,2024-11-08 23:11:02,2024-11-09 15:00:12.969255,24,Low,A028
T0035,C006,Security,2025-01-21 21:24:52,2025-01-23 03:53:00.875891,48,Medium,A005
T0036,C031,Security,2025-03-24 11:13:29,2025-03-29 17:43:47.453427,48,High,A020
T0037,C023,IT Support,2025-02-25 10:08:40,2025-02-26 02:53:08.504579,48,Medium,A018
T0038,C003,Cloud Services,2025-04-28 00:08:05,2025-04-29 15:11:38.752228,72,Low,A018
T0039,C002,Security,2025-03-25 04:48:24,2025-03-27 02:37:26.907642,72,Medium,A002
T0040,C009,Security,2025-04-25 01:02:23,2025-04-25 19:43:54.889666,72,Medium,A007
T0041,C035,Networking,2025-02-20 03:34:55,2025-02-20 20:15:53.728162,72,High,A013
T0042,C036,IT Support,2025-01-31 15:57:52,2025-01-31 20:03:00.030418,24,Low,A008
T0043,C012,Security,2025-04-10 15:20:48,2025-04-13 01:27:11.152064,72,Medium,A028
T0044,C022,Security,2024-11-02 21:15:30,2024-11-04 14:46:07.713628,48,Medium,A030
T0045,C022,IT Support,2025-03-14 20:07:26,2025-03-15 12:19:48.578102,48,Low,A006
T0046,C037,IT Support,2025-03-25 02:57:35,2025-03-25 20:18:16.432074,48,High,A028
T0047,C004,Networking,2024-11-04 23:59:20,2024-11-05 11:39:30.790994,48,Low,A020
T0048,C040,Cloud Services,2025-02-11 03:13:09,2025-02-12 04:39:20.927050,48,Low,A018
T0049,C017,Cloud Services,2025-02-21 18:32:17,2025-02-23 05:24:00.105402,48,Low,A028
T0050,C026,IT Support,2025-02-23 01:27:14,2025-02-25 18:51:56.236222,48,Low,A009
T0051,C001,Security,2024-12-18 02:51:32,2024-12-20 10:50:38.251514,24,Low,A030
T0052,C045,IT Support,2024-12-04 23:28:46,2024-12-05 04:12:39.954623,24,Medium,A029
T0053,C022,IT Support,2024-12-17 22:27:14,2024-12-20 14:43:36.207562,48,Medium,A012
T0054,C022,IT Support,2025-02-15 07:10:37,2025-02-16 23:14:49.832957,24,Medium,A028
T0055,C046,Networking,2024-12-10 06:41:25,2024-12-10 08:57:02.908338,24,Medium,A012
T0056,C021,Security,2025-03-19 06:08:07,2025-03-19 06:57:58.178400,72,Medium,A030
T0057,C010,Networking,2025-01-22 21:59:36,2025-01-24 01:18:01.769890,48,Medium,A002
T0058,C019,Networking,2025-01-30 16:38:51,2025-01-31 07:09:30.759256,24,Medium,A024
T0059,C024,Cloud Services,2024-11-29 06:59:54,2024-12-01 10:35:49.639230,24,Medium,A017
T0060,C020,Cloud Services,2025-01-26 02:36:06,2025-01-30 03:30:32.440390,48,Medium,A003
T0061,C043,IT Support,2025-04-10 08:36:41,2025-04-12 10:05:27.932877,48,Medium,A001
T0062,C044,IT Support,2024-12-24 01:15:45,2024-12-30 13:13:08.073667,72,Low,A014
T0063,C035,Security,2024-12-10 05:01:07,2024-12-10 05:54:04.772621,24,Low,A008
T0064,C034,Security,2024-12-01 06:32:08,2024-12-02 05:54:03.261098,48,Low,A004
T0065,C011,IT Support,2025-03-18 03:14:32,2025-03-20 11:54:31.119027,48,Low,A025
T0066,C010,IT Support,2025-02-22 23:35:20,2025-02-26 05:41:04.875276,48,Medium,A003
T0067,C018,IT Support,2024-11-28 06:16:52,2024-12-07 13:49:02.445017,48,Medium,A024
T0068,C012,IT Support,2024-12-01 09:46:46,2024-12-05 10:39:25.351003,48,Medium,A023
T0069,C017,IT Support,2025-02-11 12:58:09,2025-02-14 08:23:29.580128,24,Medium,A016
T0070,C019,IT Support,2025-03-30 05:57:28,2025-03-31 05:39:14.250228,48,Low,A029
T0071,C007,Cloud Services,2025-03-27 09:26:05,2025-04-01 02:36:51.380914,24,High,A020
T0072,C005,Security,2025-03-08 22:36:00,2025-03-10 15:29:45.131895,48,Medium,A020
T0073,C023,Cloud Services,2024-12-05 11:12:47,2024-12-07 16:47:47.714613,72,Medium,A013
T0074,C014,Security,2025-04-23 07:38:04,2025-04-28 15:55:13.055341,72,Low,A003
T0075,C018,Security,2025-02-06 17:53:05,2025-02-11 02:50:32.705178,48,Low,A010
T0076,C038,Security,2024-12-23 20:43:41,2024-12-27 11:47:22.784012,72,Medium,A008
T0077,C002,IT Support,2024-11-26 18:17:52,2024-11-26 21:55:26.364269,72,Medium,A006
T0078,C001,Networking,2025-01-03 13:51:32,2025-01-12 05:00:03.239524,48,High,A007
T0079,C006,Cloud Services,2025-01-19 13:17:30,2025-01-28 02:11:34.136763,72,Low,A029
T0080,C010,Networking,2025-03-25 01:09:42,2025-03-25 23:57:06.616586,72,Medium,A030
T0081,C028,Networking,2025-04-17 12:51:34,2025-04-18 21:25:39.682900,24,Low,A028
T0082,C039,IT Support,2024-11-23 12:42:32,2024-11-26 10:40:17.236977,72,Medium,A028
T0083,C049,IT Support,2025-04-22 23:33:54,2025-04-29 12:45:05.652133,48,High,A006
T0084,C045,Cloud Services,2025-01-29 12:13:02,2025-01-30 15:44:07.661281,72,Medium,A015
T0085,C011,Cloud Services,2025-04-21 02:38:19,2025-04-25 13:05:21.228400,48,Low,A003
T0086,C047,IT Support,2025-02-12 23:41:20,2025-02-15 08:45:03.319163,24,Low,A015
T0087,C003,Cloud Services,2025-01-27 08:36:33,2025-01-28 13:42:11.876179,48,Medium,A011
T0088,C008,Networking,2024-11-18 07:22:02,2024-11-18 23:11:58.823034,72,Medium,A028
T0089,C036,Networking,2024-12-30 22:21:56,2024-12-31 17:59:44.514350,24,Medium,A028
T0090,C041,Cloud Services,2024-11-28 09:45:01,2024-11-30 03:48:35.912396,24,High,A022
T0091,C020,IT Support,2025-01-23 13:28:22,2025-01-23 15:02:58.417921,48,Medium,A029
T0092,C006,Networking,2025-01-07 07:25:01,2025-01-07 14:16:39.277889,24,Medium,A005
T0093,C030,Networking,2024-12-22 09:39:36,2024-12-24 07:16:45.814584,48,Medium,A005
T0094,C001,Networking,2025-03-16 02:48:01,2025-03-16 04:04:58.357156,48,High,A017
T0095,C025,Networking,2025-04-07 07:33:31,2025-04-08 06:15:09.087649,72,High,A017
T0096,C035,Security,2025-04-28 18:36:05,2025-05-02 10:03:59.440031,48,Low,A016
T0097,C005,Security,2024-11-29 09:20:49,2024-11-29 13:06:27.843744,48,Medium,A003
T0098,C037,Networking,2024-11-23 23:33:02,2024-11-25 14:27:42.595209,72,High,A017
T0099,C001,Security,2025-04-21 04:13:52,2025-04-21 17:28:21.519757,48,Low,A004
T0100,C032,Networking,2024-12-09 19:30:40,2024-12-10 07:58:19.523752,48,Medium,A008
T0101,C003,Security,2025-04-22 19:51:09,2025-04-22 20:55:45.685844,48,Medium,A001
T0102,C030,Security,2025-01-24 23:54:35,2025-01-26 14:26:30.911766,48,Medium,A016
T0103,C037,IT Support,2025-01-14 04:13:46,2025-01-15 11:37:19.769435,48,Medium,A011
T0104,C034,Networking,2025-02-21 10:25:58,2025-02-21 21:55:40.402076,24,Medium,A018
T0105,C034,Cloud Services,2025-03-01 22:19:31,2025-03-02 22:13:42.266714,48,Medium,A001
T0106,C042,Security,2024-11-23 12:18:52,2024-11-26 13:47:46.636279,48,Medium,A029
T0107,C010,IT Support,2025-02-05 09:11:41,2025-02-05 16:49:50.348745,72,Low,A024
T0108,C002,IT Support,2025-03-06 00:40:40,2025-03-06 02:55:52.302503,48,Low,A011
T0109,C023,Security,2024-12-17 09:48:00,2024-12-17 22:58:55.799220,24,Medium,A011
T0110,C040,Cloud Services,2025-01-11 11:17:33,2025-01-11 18:27:59.699415,48,Medium,A003
T0111,C032,Networking,2024-11-30 22:36:49,2024-12-05 02:09:55.720951,48,Medium,A019
T0112,C028,Networking,2025-04-23 01:47:21,2025-04-23 03:47:31.462356,24,Low,A021
T0113,C012,Networking,2024-11-03 14:11:16,2024-11-05 04:22:45.511488,48,High,A017
T0114,C009,Networking,2024-11-13 15:16:32,2024-11-15 00:52:32.895917,48,Medium,A025
T0115,C043,Security,2025-01-07 10:13:35,2025-01-09 18:06:04.968863,48,Medium,A017
T0116,C049,Security,2025-01-23 12:14:57,2025-01-24 03:48:34.758492,72,Low,A015
T0117,C014,Networking,2025-01-12 10:15:29,2025-01-13 23:10:37.166417,72,Medium,A014
T0118,C014,Security,2024-12-11 19:32:18,2024-12-13 01:20:27.983674,72,Low,A007
T0119,C043,Security,2025-03-06 07:26:46,2025-03-08 15:13:33.596720,72,Low,A018
T0120,C015,Cloud Services,2025-01-23 21:09:10,2025-01-25 01:37:25.152923,48,Low,A005
T0121,C017,Security,2025-02-16 16:15:46,2025-02-17 01:55:20.279311,48,Low,A030
T0122,C020,IT Support,2025-03-31 07:24:56,2025-03-31 13:32:18.904248,72,Medium,A003
T0123,C036,Security,2024-11-18 00:23:32,2024-11-20 02:37:21.057708,48,Medium,A015
T0124,C019,Networking,2024-11-28 19:03:08,2024-12-01 12:43:35.836914,48,Low,A006
T0125,C045,Networking,2024-12-23 07:13:45,2024-12-27 21:35:03.478018,48,Medium,A001
T0126,C006,Security,2024-12-13 04:41:45,2024-12-13 05:03:31.867363,48,Medium,A030
T0127,C031,Cloud Services,2025-02-20 09:55:51,2025-02-20 19:50:32.773615,48,High,A023
T0128,C037,Cloud Services,2025-01-19 21:35:44,2025-01-20 00:08:25.222450,24,High,A006
T0129,C004,Security,2024-11-27 05:36:25,2024-11-28 05:57:19.181320,72,High,A017
T0130,C002,Security,2025-01-09 23:23:18,2025-01-11 07:46:45.829262,72,Medium,A026
T0131,C006,Networking,2025-04-17 15:06:08,2025-04-18 06:52:08.485324,72,Medium,A019
T0132,C012,Security,2025-04-12 05:39:58,2025-04-12 16:20:50.734781,72,Medium,A014
T0133,C011,Security,2025-02-03 21:03:26,2025-02-04 13:24:15.350066,48,Medium,A011
T0134,C010,IT Support,2025-03-03 03:23:34,2025-03-04 22:38:46.537867,48,Low,A012
T0135,C020,IT Support,2024-11-04 03:33:41,2024-11-04 14:22:34.390372,48,Low,A009
T0136,C024,Networking,2025-01-02 20:59:16,2025-01-05 17:32:05.843305,48,Medium,A030
T0137,C044,Networking,2025-01-27 18:14:29,2025-01-27 23:39:26.364210,72,Low,A024
T0138,C035,Security,2025-04-16 09:38:05,2025-04-25 19:21:55.930814,48,High,A022
T0139,C011,IT Support,2025-02-12 10:29:28,2025-02-12 12:51:25.254122,72,Medium,A028
T0140,C005,Security,2024-12-11 02:18:37,2024-12-11 10:53:18.986380,24,Medium,A026
T0141,C042,IT Support,2025-01-30 15:01:44,2025-02-04 09:29:07.786938,48,Medium,A008
T0142,C038,IT Support,2025-01-11 19:37:02,2025-01-12 23:22:27.899454,48,Medium,A015
T0143,C047,Security,2025-04-27 10:58:36,2025-04-29 04:19:48.960774,48,Medium,A021
T0144,C006,Networking,2025-03-13 08:45:57,2025-03-18 02:30:05.841184,48,Medium,A019
T0145,C015,Security,2024-12-17 10:38:17,2024-12-18 06:12:49.387325,24,Medium,A020
T0146,C029,Networking,2025-02-18 08:42:44,2025-02-21 01:38:32.008463,48,Medium,A029
T0147,C004,Networking,2025-03-07 09:42:36,2025-03-07 23:25:19.710084,72,Medium,A005
T0148,C038,IT Support,2025-04-04 12:09:19,2025-04-08 16:39:04.717111,48,Low,A004
T0149,C015,IT Support,2024-12-12 15:10:35,2024-12-13 20:29:14.691504,48,Medium,A029
T0150,C002,Security,2025-02-20 08:30:51,2025-02-20 21:00:46.914277,72,Medium,A019
T0151,C027,IT Support,2025-01-02 07:20:40,2025-01-03 23:21:22.372712,72,High,A030
T0152,C008,Security,2025-02-02 21:37:09,2025-02-07 16:22:52.396876,48,Medium,A014
T0153,C040,Networking,2025-02-18 17:31:22,2025-02-20 15:19:59.342036,72,Low,A001
T0154,C012,Cloud Services,2024-12-21 08:37:20,2024-12-21 09:29:58.123976,72,Medium,A004
T0155,C042,IT Support,2025-04-19 03:23:37,2025-04-22 06:19:26.589202,24,Medium,A026
T0156,C014,Cloud Services,2024-11-19 09:10:49,2024-11-19 12:36:28.946875,24,High,A011
T0157,C021,Networking,2024-11-11 01:55:25,2024-11-12 06:41:35.150402,24,High,A022
T0158,C040,Security,2025-02-08 17:57:47,2025-02-12 09:10:48.158945,48,Medium,A009
T0159,C026,IT Support,2025-04-23 14:01:03,2025-04-26 07:28:05.047017,48,Low,A020
T0160,C002,Security,2024-11-20 13:58:47,2024-11-22 02:58:55.586568,72,Medium,A002
T0161,C044,Security,2024-11-15 07:07:42,2024-11-20 07:26:41.942725,48,Low,A024
T0162,C024,IT Support,2025-04-17 09:16:09,2025-04-19 02:38:21.552672,24,Medium,A011
T0163,C021,IT Support,2024-12-02 14:52:19,2024-12-04 14:53:26.525491,24,Low,A020
T0164,C022,Cloud Services,2025-03-30 08:58:30,2025-03-31 14:27:43.743538,48,Medium,A008
T0165,C013,Networking,2024-11-17 23:44:30,2024-11-19 09:13:26.098387,48,Medium,A027
T0166,C030,IT Support,2025-04-29 10:58:21,2025-05-02 16:10:23.640898,48,Medium,A029
T0167,C018,IT Support,2025-03-30 13:12:00,2025-03-31 19:51:42.185080,48,Medium,A015
T0168,C049,Networking,2025-04-28 11:07:36,2025-04-29 23:07:41.225011,48,Medium,A019
T0169,C029,Security,2025-02-21 01:17:16,2025-02-21 09:23:07.879570,24,High,A010
T0170,C033,Security,2025-03-05 18:44:28,2025-03-06 09:53:46.379990,48,High,A018
T0171,C003,Cloud Services,2024-12-30 20:13:24,2025-01-03 21:03:23.675746,48,Low,A029
T0172,C037,Security,2024-12-06 17:33:43,2024-12-08 12:57:12.326282,48,High,A028
T0173,C032,Cloud Services,2025-04-23 06:37:34,2025-04-23 19:41:04.001917,24,Medium,A024
T0174,C037,Networking,2025-02-03 22:47:51,2025-02-07 05:43:24.132478,72,Low,A023
T0175,C007,IT Support,2025-02-23 08:00:51,2025-02-27 20:48:39.243026,24,Low,A019
T0176,C029,Cloud Services,2025-01-02 15:54:54,2025-01-02 22:12:09.748893,72,Medium,A001
T0177,C042,Security,2024-11-09 11:46:27,2024-11-12 21:24:27.252042,48,Medium,A023
T0178,C037,Networking,2024-11-18 14:42:24,2024-11-18 16:22:42.211393,72,Medium,A009
T0179,C022,Cloud Services,2024-11-12 20:09:14,2024-11-13 23:39:15.508270,48,Low,A010
T0180,C023,Cloud Services,2025-01-19 16:14:33,2025-01-21 08:17:02.099342,72,Low,A018
T0181,C040,Networking,2025-05-02 18:36:23,2025-05-02 19:41:49.981862,48,Medium,A007
T0182,C046,Cloud Services,2025-02-12 06:24:16,2025-02-12 18:12:32.719224,48,Low,A029
T0183,C011,Networking,2025-01-07 16:38:49,2025-01-08 01:41:16.720441,48,High,A021
T0184,C034,IT Support,2025-03-18 09:01:57,2025-03-21 18:02:30.472184,48,Medium,A006
T0185,C042,Networking,2025-03-22 21:40:47,2025-03-26 10:39:38.892449,48,Low,A025
T0186,C034,Cloud Services,2024-11-26 18:23:27,2024-11-27 09:16:02.124852,72,Medium,A021
T0187,C026,IT Support,2025-03-23 06:07:08,2025-03-23 15:22:27.646550,72,Medium,A026
T0188,C043,IT Support,2025-04-08 04:13:56,2025-04-09 06:32:52.528470,48,Low,A004
T0189,C011,Cloud Services,2025-03-21 09:49:56,2025-03-24 08:34:58.329938,24,Medium,A004
T0190,C035,Networking,2024-12-14 00:38:47,2024-12-16 13:35:07.656892,48,Medium,A015
T0191,C033,Networking,2024-11-25 16:44:11,2024-12-01 20:37:28.766891,24,Low,A020
T0192,C017,Networking,2025-03-03 08:01:37,2025-03-03 16:30:40.046164,72,High,A011
T0193,C009,IT Support,2024-11-12 13:49:16,2024-11-13 09:20:56.548507,72,Medium,A001
T0194,C042,IT Support,2024-12-14 22:59:46,2024-12-16 07:50:10.615168,48,Low,A003
T0195,C030,Networking,2025-01-20 20:35:24,2025-01-21 00:28:33.124274,24,Medium,A019
T0196,C049,IT Support,2025-03-08 20:22:18,2025-03-09 14:30:12.793218,72,Medium,A025
T0197,C016,Cloud Services,2024-12-16 01:01:43,2024-12-17 05:22:38.855010,24,Medium,A021
T0198,C016,Networking,2024-12-13 02:52:45,2024-12-15 23:11:17.905710,72,High,A018
T0199,C026,IT Support,2024-11-06 23:08:01,2024-11-08 07:24:00.212713,48,High,A015
T0200,C017,Security,2025-03-28 09:30:12,2025-03-28 11:40:17.450804,48,Medium,A022
T0201,C007,IT Support,2024-11-17 13:12:30,2024-11-22 11:48:35.517640,24,Low,A008
T0202,C018,Security,2025-01-06 18:01:07,2025-01-13 20:03:25.802629,72,High,A007
T0203,C039,IT Support,2024-11-01 20:07:40,2024-11-03 01:16:29.890282,48,Medium,A024
T0204,C034,Security,2024-12-16 17:05:00,2024-12-17 05:37:45.814477,24,Medium,A008
T0205,C039,Security,2024-11-14 03:04:18,2024-11-15 06:59:29.425483,48,High,A004
T0206,C018,IT Support,2024-12-15 07:42:56,2024-12-18 10:47:32.019200,48,High,A010
T0207,C035,Networking,2024-11-03 01:04:43,2024-11-07 05:32:08.190607,48,High,A027
T0208,C032,Cloud Services,2025-04-24 10:00:34,2025-04-28 13:42:29.582069,48,Medium,A007
T0209,C049,IT Support,2024-12-12 06:48:15,2024-12-12 07:15:41.906148,24,Low,A012
T0210,C047,IT Support,2024-11-02 02:42:57,2024-11-04 02:07:02.686437,72,Medium,A025
T0211,C001,Networking,2025-03-09 02:07:59,2025-03-09 21:48:52.393548,48,Low,A013
T0212,C004,Networking,2024-11-15 23:55:34,2024-11-16 20:56:46.460501,48,Low,A025
T0213,C015,IT Support,2024-12-14 13:39:59,2024-12-15 05:15:09.500709,72,Low,A025
T0214,C037,IT Support,2025-01-08 21:21:33,2025-01-11 03:59:56.881682,48,Low,A028
T0215,C046,Cloud Services,2024-12-26 17:39:07,2024-12-27 19:35:56.592954,72,Medium,A013
T0216,C004,Security,2025-04-05 01:35:12,2025-04-14 02:52:25.265764,72,Medium,A029
T0217,C045,Networking,2024-12-07 11:16:37,2024-12-09 13:37:11.896674,48,Low,A002
T0218,C003,Cloud Services,2025-03-23 15:00:41,2025-03-24 14:16:29.457069,24,Medium,A005
T0219,C009,Security,2025-01-14 02:47:13,2025-01-16 02:28:56.107982,48,Medium,A017
T0220,C050,Networking,2025-02-01 09:16:14,2025-02-01 18:26:24.622769,48,Medium,A024
T0221,C013,Cloud Services,2025-02-21 05:01:03,2025-02-25 18:19:35.209077,48,Medium,A025
T0222,C034,Security,2025-03-11 04:15:32,2025-03-12 23:24:03.693779,48,High,A003
T0223,C003,IT Support,2025-02-24 05:16:16,2025-02-24 20:34:19.961004,48,High,A010
T0224,C005,Security,2025-03-27 11:40:23,2025-03-30 19:15:57.794769,48,Low,A024
T0225,C005,Cloud Services,2025-02-21 22:17:17,2025-02-22 12:15:59.893832,24,Medium,A006
T0226,C028,IT Support,2024-12-09 23:44:46,2024-12-16 12:52:06.770197,24,High,A018
T0227,C029,Security,2024-12-28 17:39:17,2024-12-30 02:27:43.561257,48,High,A024
T0228,C013,IT Support,2025-04-02 13:47:50,2025-04-04 17:52:45.055298,48,Medium,A024
T0229,C033,Security,2024-12-28 02:49:55,2024-12-31 07:28:16.143112,48,High,A009
T0230,C042,Cloud Services,2025-04-08 15:59:07,2025-04-09 11:29:46.560828,48,Medium,A006
T0231,C045,Networking,2024-11-11 21:00:55,2024-11-12 07:05:01.602451,72,Medium,A023
T0232,C030,Security,2025-01-25 03:46:22,2025-01-25 04:01:13.380631,72,Low,A004
T0233,C012,Security,2025-03-05 16:16:25,2025-03-07 07:15:57.371612,72,Low,A013
T0234,C017,Cloud Services,2024-11-24 05:04:27,2024-11-26 03:07:53.696624,72,Low,A028
T0235,C048,Networking,2025-04-30 09:01:27,2025-04-30 09:27:41.866288,72,Low,A007
T0236,C028,Cloud Services,2024-12-15 00:07:18,2024-12-16 13:31:38.624094,72,Low,A005
T0237,C032,Cloud Services,2024-11-13 22:50:24,2024-11-14 04:01:52.837996,72,Low,A027
T0238,C017,Networking,2025-01-02 15:33:13,2025-01-03 00:17:18.231835,72,Medium,A022
T0239,C050,Networking,2024-12-15 05:35:42,2024-12-17 04:09:17.341714,24,High,A029
T0240,C012,Security,2025-01-30 02:31:15,2025-01-31 06:51:56.050226,48,Low,A001
T0241,C011,Networking,2024-12-08 05:32:41,2024-12-09 00:18:43.341092,48,Low,A002
T0242,C017,Security,2025-03-30 10:11:13,2025-03-31 01:31:55.632890,72,Medium,A007
T0243,C011,Cloud Services,2025-01-29 16:15:18,2025-01-31 04:11:35.232313,72,High,A015
T0244,C027,Security,2025-03-12 05:30:09,2025-03-14 12:16:13.077822,48,High,A012
T0245,C047,Cloud Services,2025-02-26 17:16:55,2025-02-26 18:48:30.506743,72,High,A020
T0246,C003,Security,2025-03-14 20:45:18,2025-03-15 21:04:57.239558,48,Medium,A028
T0247,C035,Cloud Services,2025-04-08 17:40:26,2025-04-11 07:32:25.675259,72,High,A024
T0248,C016,Security,2025-04-24 18:06:41,2025-04-25 16:10:36.996560,72,High,A014
T0249,C008,Security,2025-02-06 08:49:54,2025-02-06 19:45:54.530631,24,Medium,A018
T0250,C044,IT Support,2025-04-13 17:25:37,2025-04-16 14:08:01.557058,48,High,A026
T0251,C025,Networking,2025-01-16 06:32:46,2025-01-18 04:34:07.968734,72,Low,A017
T0252,C009,Networking,2024-11-08 00:36:46,2024-11-09 21:28:46.607501,48,Low,A028
T0253,C002,Cloud Services,2025-02-13 00:56:55,2025-02-13 04:08:02.535176,48,Medium,A013
T0254,C030,Cloud Services,2025-03-26 05:27:36,2025-03-26 13:14:14.039160,48,Medium,A015
T0255,C045,IT Support,2025-04-12 05:08:09,2025-04-14 01:07:12.915484,48,High,A006
T0256,C024,IT Support,2025-03-28 06:27:40,2025-04-02 00:53:34.764356,72,Low,A025
T0257,C022,Cloud Services,2025-01-07 21:18:49,2025-01-09 13:55:30.894506,24,Medium,A010
T0258,C033,Networking,2025-03-03 21:49:03,2025-03-06 21:35:20.107676,72,Medium,A009
T0259,C026,Networking,2024-12-30 12:58:45,2024-12-31 09:42:11.035579,24,Medium,A006
T0260,C050,Security,2025-04-08 11:39:17,2025-04-10 03:53:29.607396,48,Low,A023
T0261,C003,Security,2025-04-07 18:46:03,2025-04-10 00:02:21.859501,72,Low,A006
T0262,C041,Networking,2024-11-04 05:16:52,2024-11-06 03:17:53.355354,48,High,A008
T0263,C047,Security,2024-11-06 10:18:06,2024-11-08 22:24:03.259312,72,Medium,A011
T0264,C022,Networking,2025-02-03 00:07:33,2025-02-07 12:13:27.295087,48,Medium,A009
T0265,C018,Networking,2025-03-20 09:45:49,2025-03-20 18:21:41.980586,48,Medium,A012
T0266,C019,Security,2024-12-26 19:05:36,2024-12-27 03:26:10.624870,72,Medium,A013
T0267,C032,Security,2025-03-26 22:55:18,2025-03-27 08:34:17.211567,72,Low,A006
T0268,C032,Cloud Services,2025-03-21 09:05:41,2025-03-23 22:03:37.552785,48,High,A003
T0269,C029,Networking,2025-03-04 23:55:21,2025-03-05 04:00:16.294708,48,Low,A001
T0270,C021,Security,2025-02-28 20:37:59,2025-03-04 12:43:58.367786,24,Medium,A024
T0271,C044,Networking,2025-04-22 22:33:25,2025-04-24 01:09:38.290523,48,High,A024
T0272,C041,Cloud Services,2025-02-22 07:55:42,2025-02-23 21:32:50.492980,48,Low,A002
T0273,C034,Cloud Services,2025-04-24 22:46:32,2025-04-26 06:47:00.967662,72,Medium,A010
T0274,C012,Security,2025-05-02 07:55:57,2025-05-12 00:29:53.510589,48,Medium,A008
T0275,C026,Cloud Services,2025-01-25 16:11:32,2025-01-29 06:58:13.153379,48,Medium,A030
T0276,C014,Networking,2025-01-28 16:49:14,2025-01-29 02:19:39.556101,48,Low,A005
T0277,C047,Networking,2024-11-27 05:23:23,2024-11-27 08:49:42.156880,48,Medium,A025
T0278,C017,Security,2025-01-27 01:55:00,2025-01-29 06:04:15.698037,24,Medium,A028
T0279,C001,Cloud Services,2025-01-12 06:56:05,2025-01-12 21:16:00.640136,48,Medium,A004
T0280,C011,Networking,2025-03-30 20:28:13,2025-04-06 20:29:58.486523,48,Low,A014
T0281,C012,Networking,2025-03-01 08:54:36,2025-03-02 04:11:48.051887,48,Low,A005
T0282,C001,IT Support,2025-04-25 12:51:24,2025-04-26 02:34:59.484150,48,Low,A020
T0283,C047,IT Support,2025-01-15 17:41:34,2025-01-16 16:35:19.911612,48,Medium,A017
T0284,C028,Security,2024-12-02 09:29:12,2024-12-06 02:43:05.902387,72,High,A012
T0285,C014,Networking,2025-03-15 06:25:56,2025-03-16 19:41:44.806848,24,Low,A005
T0286,C035,Networking,2025-02-13 16:36:50,2025-02-19 05:00:58.272292,24,Low,A027
T0287,C014,Cloud Services,2025-04-20 18:58:01,2025-04-21 13:12:29.425591,48,Low,A021
T0288,C034,IT Support,2024-12-19 13:42:09,2024-12-20 21:04:53.296374,48,Medium,A025
T0289,C043,Networking,2025-02-12 05:37:46,2025-02-13 23:16:56.278774,48,Medium,A006
T0290,C045,Cloud Services,2024-12-28 03:21:26,2024-12-28 10:34:38.136087,24,Medium,A010
T0291,C021,IT Support,2025-02-07 19:03:22,2025-02-10 10:25:20.137274,24,Medium,A029
T0292,C022,Security,2025-01-11 00:38:23,2025-01-12 04:47:36.738708,72,Medium,A023
T0293,C030,Networking,2024-11-14 04:54:15,2024-11-21 21:30:13.984191,48,Low,A026
T0294,C012,Security,2024-11-21 03:04:14,2024-11-25 04:35:54.726740,48,High,A014
T0295,C031,Cloud Services,2025-01-03 09:04:12,2025-01-08 09:31:05.295360,48,High,A016
T0296,C028,Networking,2024-12-02 10:25:47,2024-12-04 12:59:26.076246,24,High,A006
T0297,C025,Cloud Services,2025-02-24 13:55:41,2025-02-25 08:18:24.254256,72,Medium,A021
T0298,C004,Networking,2024-11-17 21:12:44,2024-11-19 13:23:27.122302,72,Medium,A014
T0299,C034,Networking,2025-04-11 05:20:29,2025-04-16 10:06:29.013677,48,High,A023
T0300,C024,Networking,2025-02-19 00:24:27,2025-02-20 03:51:42.119438,72,Medium,A025
T0301,C007,Security,2025-01-18 10:15:15,2025-01-19 05:21:40.528809,48,Medium,A028
T0302,C032,IT Support,2025-03-14 17:17:29,2025-03-16 07:27:35.981247,48,Medium,A006
T0303,C046,Networking,2025-04-11 07:59:41,2025-04-11 11:38:36.061649,48,Medium,A014
T0304,C008,Cloud Services,2025-01-18 06:57:35,2025-01-19 16:16:24.800211,48,High,A028
T0305,C012,IT Support,2024-11-16 18:40:28,2024-11-16 19:55:16.748520,48,Medium,A005
T0306,C043,Cloud Services,2025-01-06 00:38:47,2025-01-06 14:12:15.275998,48,Medium,A014
T0307,C045,IT Support,2024-11-20 20:47:01,2024-11-23 09:33:55.003734,72,Low,A023
T0308,C015,IT Support,2024-12-04 01:17:40,2024-12-08 14:16:00.279280,24,Medium,A019
T0309,C022,Security,2024-12-23 10:30:12,2024-12-23 13:29:13.231054,72,Low,A029
T0310,C046,Security,2025-04-10 06:11:10,2025-04-12 04:17:48.443129,48,High,A028
T0311,C036,Networking,2025-03-03 00:21:09,2025-03-04 13:32:18.393471,48,Medium,A017
T0312,C030,Security,2025-02-04 02:24:29,2025-02-11 14:54:23.650670,72,Low,A012
T0313,C007,Security,2025-02-28 19:17:56,2025-03-01 04:54:31.693823,48,Low,A010
T0314,C020,Cloud Services,2025-01-27 05:37:51,2025-01-27 15:27:48.649303,72,Low,A022
T0315,C042,Security,2025-01-31 05:11:55,2025-02-01 19:33:04.144000,24,High,A023
T0316,C028,IT Support,2025-03-18 04:57:15,2025-03-20 05:43:31.930563,48,Medium,A015
T0317,C042,Cloud Services,2024-12-15 16:28:05,2024-12-17 13:47:10.156781,48,Medium,A017
T0318,C050,Cloud Services,2025-03-13 00:55:22,2025-03-13 13:53:54.611803,72,High,A028
T0319,C019,Cloud Services,2025-04-18 10:41:38,2025-04-20 16:07:02.525267,72,Low,A023
T0320,C035,Cloud Services,2025-01-08 09:37:00,2025-01-10 04:01:04.625982,24,High,A023
T0321,C037,Security,2024-11-02 02:45:35,2024-11-03 15:33:04.175054,24,Low,A007
T0322,C014,IT Support,2025-04-04 07:27:27,2025-04-05 21:26:05.567431,48,Medium,A030
T0323,C007,IT Support,2025-01-15 09:22:01,2025-01-15 16:42:20.092962,48,Medium,A010
T0324,C049,Security,2024-11-16 21:07:50,2024-11-17 23:57:39.208271,72,High,A028
T0325,C038,Networking,2025-03-04 10:56:05,2025-03-07 20:54:05.379844,48,High,A013
T0326,C033,Cloud Services,2025-02-18 00:52:26,2025-02-18 04:50:45.318774,24,Low,A008
T0327,C039,Cloud Services,2024-11-14 05:24:29,2024-11-15 03:21:15.833925,48,Medium,A028
T0328,C027,Cloud Services,2024-11-21 04:55:23,2024-11-21 08:17:00.183053,72,Medium,A006
T0329,C044,IT Support,2025-02-23 01:07:37,2025-02-24 20:15:14.389486,48,Medium,A022
T0330,C002,Networking,2025-04-07 12:43:45,2025-04-09 17:52:13.461217,72,Medium,A002
T0331,C022,Cloud Services,2025-04-06 03:20:27,2025-04-07 07:43:10.992346,48,Low,A005
T0332,C016,Networking,2025-04-30 14:35:13,2025-04-30 23:50:18.327355,48,Low,A025
T0333,C016,Cloud Services,2024-12-21 06:08:12,2024-12-24 16:55:52.115155,24,High,A003
T0334,C028,Security,2025-04-17 14:01:13,2025-04-22 19:46:03.154900,48,Low,A005
T0335,C001,IT Support,2025-04-21 08:00:51,2025-04-24 00:09:21.350036,72,Medium,A020
T0336,C039,Cloud Services,2025-03-05 20:18:26,2025-03-07 19:12:22.805842,24,Low,A016
T0337,C014,Cloud Services,2025-02-16 02:42:01,2025-02-17 12:37:56.505416,24,Medium,A018
T0338,C002,Security,2025-02-13 08:48:42,2025-02-14 04:52:42.040857,48,Low,A001
T0339,C023,Networking,2025-03-09 02:44:42,2025-03-09 20:14:44.555470,48,Medium,A023
T0340,C015,Networking,2025-01-26 23:06:51,2025-01-27 07:35:02.570426,72,Medium,A020
T0341,C042,Networking,2025-03-02 22:56:05,2025-03-03 10:09:32.324566,72,High,A003
T0342,C014,Networking,2025-01-11 08:56:15,2025-01-13 14:47:00.355826,48,Low,A007
T0343,C021,Security,2024-11-28 22:06:17,2024-11-29 15:32:49.387064,24,Low,A002
T0344,C018,Cloud Services,2025-03-30 10:31:45,2025-03-30 22:40:41.720158,72,High,A002
T0345,C036,Security,2025-03-11 07:09:58,2025-03-11 13:59:24.666475,72,Medium,A014
T0346,C003,Security,2025-02-18 05:37:21,2025-02-22 19:19:09.606892,72,Medium,A025
T0347,C021,Networking,2025-04-22 05:46:58,2025-04-24 10:27:51.793681,24,Medium,A015
T0348,C032,Cloud Services,2025-01-30 07:42:53,2025-02-05 22:06:44.937148,48,Medium,A013
T0349,C029,Cloud Services,2025-04-05 19:00:41,2025-04-11 07:17:43.160722,72,High,A029
T0350,C023,Security,2024-11-28 20:19:57,2024-11-28 21:11:20.807520,48,Medium,A005
T0351,C002,Networking,2025-04-20 10:53:34,2025-04-23 11:44:14.501230,48,High,A029
T0352,C023,Security,2025-02-13 15:24:27,2025-02-15 13:47:17.279599,48,Low,A021
T0353,C007,Cloud Services,2024-11-22 08:14:54,2024-11-22 14:27:35.772560,48,Medium,A001
T0354,C017,IT Support,2025-02-23 07:25:11,2025-02-24 17:36:14.192421,72,Medium,A020
T0355,C038,Security,2025-03-12 14:59:04,2025-03-13 00:08:44.785865,48,Medium,A005
T0356,C035,Security,2025-02-21 03:54:16,2025-02-25 12:23:39.319135,48,Medium,A022
T0357,C022,IT Support,2025-03-30 11:25:41,2025-04-02 23:47:30.435387,72,Low,A002
T0358,C038,Security,2025-01-20 23:21:01,2025-01-21 06:14:42.642354,48,Medium,A023
T0359,C001,IT Support,2024-11-09 11:29:49,2024-11-09 18:34:31.421555,48,Low,A018
T0360,C037,IT Support,2025-04-13 09:34:32,2025-04-15 09:12:31.626200,24,Low,A017
T0361,C021,Cloud Services,2024-11-20 00:55:22,2024-11-20 06:30:07.832083,48,Low,A021
T0362,C048,Cloud Services,2024-11-09 03:15:23,2024-11-10 11:24:42.019916,24,Medium,A003
T0363,C038,Networking,2025-01-14 07:54:24,2025-01-15 06:32:06.394900,48,Medium,A013
T0364,C009,IT Support,2025-04-22 04:35:59,2025-04-22 11:27:29.279924,24,Medium,A028
T0365,C050,Networking,2024-12-24 20:40:54,2024-12-25 00:29:50.641946,48,Low,A008
T0366,C034,Cloud Services,2025-02-03 23:14:11,2025-02-05 04:56:41.401539,48,High,A008
T0367,C023,Cloud Services,2025-01-12 19:46:49,2025-01-13 08:08:13.000408,72,High,A005
T0368,C037,Cloud Services,2025-03-01 02:31:15,2025-03-03 18:42:32.131628,48,Low,A025
T0369,C024,Security,2025-01-30 06:13:42,2025-02-02 00:02:51.808791,48,Low,A005
T0370,C031,Networking,2025-01-30 12:59:27,2025-01-31 23:05:33.567627,48,High,A020
T0371,C028,Security,2025-03-31 02:12:41,2025-04-03 01:44:13.079313,48,Low,A005
T0372,C008,Cloud Services,2025-02-23 16:32:14,2025-02-25 06:49:28.753558,72,Medium,A015
T0373,C031,Cloud Services,2025-04-15 13:43:12,2025-04-15 17:50:08.720008,72,Medium,A025
T0374,C003,IT Support,2025-01-30 19:12:13,2025-02-07 06:12:39.539992,48,Low,A004
T0375,C050,Networking,2025-02-15 21:34:46,2025-02-18 21:06:02.934880,48,Medium,A012
T0376,C013,IT Support,2025-04-22 05:38:07,2025-04-23 12:30:13.515796,24,High,A016
T0377,C011,Networking,2024-11-13 04:21:45,2024-11-16 12:31:36.471450,48,Medium,A008
T0378,C040,Security,2024-11-25 16:03:51,2024-11-27 11:52:12.840706,24,Medium,A026
T0379,C030,Cloud Services,2025-03-07 03:15:26,2025-03-09 00:49:03.350241,72,Low,A019
T0380,C035,Networking,2025-04-28 10:45:03,2025-05-02 19:22:35.692414,48,High,A023
T0381,C047,Networking,2025-03-15 19:22:15,2025-03-20 00:51:06.605623,48,Medium,A030
T0382,C040,Networking,2025-03-04 23:36:03,2025-03-06 05:13:32.690317,72,Medium,A012
T0383,C022,Security,2025-04-26 21:52:36,2025-04-27 00:32:02.697762,48,Low,A028
T0384,C029,IT Support,2025-01-14 10:44:04,2025-01-14 12:51:10.259490,24,Medium,A027
T0385,C023,Cloud Services,2025-04-23 08:43:00,2025-04-30 01:48:37.712785,48,Medium,A022
T0386,C003,Security,2025-04-08 13:08:39,2025-04-10 02:39:05.636248,48,Low,A023
T0387,C047,IT Support,2025-01-14 10:52:10,2025-01-16 18:54:50.179454,72,Medium,A015
T0388,C008,IT Support,2024-11-28 23:31:58,2024-11-29 07:57:00.834947,48,Medium,A003
T0389,C032,Cloud Services,2025-02-17 05:38:50,2025-02-26 20:16:45.564186,24,High,A011
T0390,C046,Security,2024-11-04 14:40:52,2024-11-05 08:33:24.597266,72,Medium,A002
T0391,C036,Networking,2025-01-07 20:02:00,2025-01-08 17:06:36.716826,72,High,A026
T0392,C014,IT Support,2024-12-01 12:19:05,2024-12-01 14:02:37.138799,72,High,A025
T0393,C031,Security,2025-01-11 16:26:20,2025-01-13 22:53:21.018573,72,Medium,A019
T0394,C004,Cloud Services,2024-11-04 03:58:27,2024-11-15 09:11:38.348666,48,Medium,A022
T0395,C021,Networking,2025-02-17 11:27:57,2025-02-19 06:37:13.017757,48,Medium,A021
T0396,C045,Cloud Services,2025-01-10 03:52:46,2025-01-10 05:17:44.001860,24,Medium,A007
T0397,C024,IT Support,2025-03-18 11:44:06,2025-03-19 19:12:48.095175,48,Medium,A023
T0398,C024,Networking,2025-04-15 22:43:45,2025-04-18 08:59:35.294689,24,Medium,A019
T0399,C049,Security,2025-01-05 09:05:19,2025-01-06 00:10:58.584162,72,Low,A022
T0400,C038,IT Support,2024-12-16 05:32:24,2024-12-18 14:36:09.886442,72,Medium,A019
T0401,C049,Security,2024-11-07 10:01:10,2024-11-08 13:52:04.051975,24,Low,A020
T0402,C047,Security,2024-11-12 10:31:59,2024-11-12 13:37:59.039888,72,Medium,A022
T0403,C004,Cloud Services,2025-02-04 19:22:08,2025-02-06 20:45:05.039135,48,Medium,A027
T0404,C011,Security,2025-01-01 19:06:13,2025-01-04 02:41:29.181959,72,Medium,A016
T0405,C010,Networking,2025-04-23 17:39:50,2025-04-24 04:33:04.627922,48,Low,A011
T0406,C045,Networking,2025-01-23 23:25:58,2025-01-24 00:36:29.732251,72,Medium,A013
T0407,C035,Networking,2025-03-01 21:33:50,2025-03-04 22:48:31.262900,24,Low,A005
T0408,C049,IT Support,2025-01-23 15:54:48,2025-01-27 08:27:39.049705,24,Medium,A005
T0409,C039,Security,2025-03-15 18:09:37,2025-03-18 04:55:25.700623,48,Medium,A001
T0410,C041,Networking,2024-12-15 06:44:53,2024-12-18 07:28:21.704928,24,Low,A012
T0411,C024,IT Support,2025-02-05 10:53:12,2025-02-05 17:52:03.202477,72,High,A030
T0412,C022,Cloud Services,2025-01-10 06:45:18,2025-01-10 22:42:23.727942,24,Low,A023
T0413,C016,Cloud Services,2025-04-27 13:48:16,2025-05-02 07:25:43.403543,48,Medium,A010
T0414,C009,IT Support,2025-04-22 19:51:35,2025-04-26 13:16:56.666727,48,High,A011
T0415,C021,Cloud Services,2025-04-04 23:42:40,2025-04-05 02:49:00.497222,72,Medium,A027
T0416,C018,Cloud Services,2024-11-20 01:03:45,2024-11-20 21:32:39.460808,72,Medium,A020
T0417,C021,Networking,2024-11-09 03:52:29,2024-11-09 10:26:54.363113,72,High,A024
T0418,C021,Networking,2025-01-27 04:58:00,2025-01-27 19:25:47.810282,72,Low,A023
T0419,C019,Security,2025-02-26 21:11:50,2025-02-27 07:47:38.782133,48,High,A012
T0420,C050,IT Support,2024-12-17 07:34:27,2024-12-18 04:12:55.108622,24,Low,A010
T0421,C033,IT Support,2025-03-12 10:13:02,2025-03-12 14:40:58.799640,48,High,A029
T0422,C041,Security,2024-11-08 18:53:33,2024-11-12 17:18:49.809164,72,Medium,A017
T0423,C034,IT Support,2025-03-12 13:10:41,2025-03-14 10:44:00.751666,48,Medium,A005
T0424,C002,Networking,2025-04-11 16:32:26,2025-04-17 12:22:26.429054,72,Medium,A016
T0425,C012,Cloud Services,2024-12-28 15:18:23,2024-12-29 20:53:51.897332,72,Medium,A006
T0426,C049,Cloud Services,2025-04-01 00:08:18,2025-04-04 06:57:12.107431,48,Medium,A021
T0427,C046,Cloud Services,2025-02-19 19:56:03,2025-02-20 04:34:22.151822,48,Medium,A024
T0428,C028,Networking,2024-11-20 14:08:09,2024-11-20 20:36:51.006399,48,Low,A009
T0429,C049,Security,2025-03-20 14:29:35,2025-03-22 05:55:12.032060,72,Medium,A024
T0430,C033,Networking,2024-12-03 11:22:59,2024-12-04 17:18:38.607294,72,Medium,A006
T0431,C050,Security,2025-01-18 05:51:39,2025-01-19 04:11:09.645390,48,Medium,A019
T0432,C008,Cloud Services,2025-04-28 03:44:58,2025-04-28 14:11:51.401758,24,Medium,A009
T0433,C009,Security,2024-12-24 05:12:03,2024-12-25 22:33:59.766114,48,Low,A014
T0434,C020,Networking,2024-12-30 23:11:28,2025-01-01 11:44:33.098312,24,Medium,A007
T0435,C027,Networking,2025-02-17 16:51:25,2025-02-19 14:29:00.716404,48,Low,A006
T0436,C008,IT Support,2025-01-04 08:26:42,2025-01-04 15:43:27.222016,48,Medium,A016
T0437,C006,Networking,2025-03-08 00:40:00,2025-03-08 08:35:11.589816,48,Low,A009
T0438,C016,IT Support,2025-01-26 04:54:11,2025-01-29 11:01:43.716034,48,Medium,A023
T0439,C034,Cloud Services,2024-11-20 15:38:29,2024-11-20 21:54:37.197878,72,High,A026
T0440,C027,IT Support,2025-01-23 16:12:54,2025-01-24 18:59:08.799018,24,Medium,A001
T0441,C026,Networking,2025-04-16 06:03:09,2025-04-16 07:28:59.116710,72,Medium,A003
T0442,C038,Networking,2025-03-07 06:42:28,2025-03-07 16:40:09.355788,72,Low,A028
T0443,C047,Cloud Services,2025-01-06 22:47:22,2025-01-07 16:54:14.672424,48,Medium,A021
T0444,C012,Cloud Services,2025-03-21 16:48:28,2025-03-22 06:53:38.126827,72,Medium,A016
T0445,C033,IT Support,2025-03-06 23:53:56,2025-03-09 11:39:04.953642,72,Medium,A002
T0446,C011,IT Support,2025-04-13 06:14:48,2025-04-14 02:46:20.884878,48,Medium,A022
T0447,C030,Security,2025-02-27 14:30:41,2025-03-02 06:48:56.777716,72,Low,A001
T0448,C002,Security,2025-03-15 18:03:05,2025-03-16 00:31:49.173722,48,Medium,A028
T0449,C020,Cloud Services,2025-03-09 00:48:00,2025-03-11 07:44:38.124520,24,High,A023
T0450,C004,Networking,2025-03-03 23:48:43,2025-03-04 15:31:54.851284,48,Medium,A006
T0451,C046,Cloud Services,2025-01-12 19:18:07,2025-01-13 16:45:07.452836,24,High,A012
T0452,C013,Security,2025-02-26 03:36:12,2025-02-26 16:19:17.039785,72,Low,A001
T0453,C027,Networking,2024-12-08 15:35:09,2024-12-12 19:06:10.814732,24,Medium,A006
T0454,C035,Security,2024-11-26 15:51:13,2024-11-27 04:11:44.631672,48,High,A014
T0455,C040,Cloud Services,2025-01-31 08:33:09,2025-02-01 15:51:18.744375,24,Low,A006
T0456,C019,Networking,2024-12-31 18:43:17,2025-01-01 10:29:31.462097,72,High,A010
T0457,C045,Security,2025-04-04 13:04:41,2025-04-06 22:45:33.605940,72,Medium,A009
T0458,C019,Security,2024-12-26 15:31:19,2024-12-27 08:58:09.270449,72,Medium,A024
T0459,C040,IT Support,2025-05-01 20:33:05,2025-05-04 06:56:07.774407,48,Low,A001
T0460,C011,IT Support,2025-03-27 05:17:43,2025-03-28 11:39:28.741888,48,Low,A027
T0461,C004,Cloud Services,2024-11-15 13:21:00,2024-11-18 04:14:30.403683,48,High,A009
T0462,C016,IT Support,2024-11-25 01:44:20,2024-11-25 20:59:27.784024,48,High,A016
T0463,C046,Networking,2024-12-25 13:39:01,2024-12-25 15:20:38.341916,48,Medium,A021
T0464,C003,Cloud Services,2025-04-20 19:43:51,2025-04-20 22:53:13.676914,72,Low,A029
T0465,C035,IT Support,2025-05-01 09:00:36,2025-05-02 20:46:02.557351,24,Low,A001
T0466,C040,Cloud Services,2024-11-18 10:26:27,2024-11-18 11:39:47.078425,48,High,A014
T0467,C026,Cloud Services,2025-01-07 05:08:00,2025-01-10 04:29:39.673382,48,Medium,A008
T0468,C029,Security,2024-12-30 12:42:32,2025-01-05 10:43:17.529329,48,Low,A007
T0469,C012,IT Support,2025-03-24 20:46:48,2025-03-25 03:33:29.164928,48,High,A012
T0470,C041,IT Support,2025-04-20 08:20:52,2025-04-26 08:39:19.670676,48,Low,A006
T0471,C017,IT Support,2025-01-30 04:29:39,2025-01-30 08:01:32.514364,48,Medium,A026
T0472,C042,IT Support,2025-03-24 09:18:17,2025-03-29 03:30:31.738050,48,Medium,A013
T0473,C035,Cloud Services,2024-11-05 17:04:19,2024-11-07 00:38:57.087493,24,Low,A024
T0474,C049,Networking,2024-11-04 02:56:57,2024-11-05 21:50:51.137065,48,Low,A008
T0475,C026,Security,2025-02-17 09:11:22,2025-02-17 10:59:06.891376,24,High,A017
T0476,C041,IT Support,2025-04-22 16:26:18,2025-04-23 04:16:22.308831,48,High,A017
T0477,C039,Security,2025-03-15 14:25:10,2025-03-17 12:29:39.679088,24,High,A013
T0478,C011,IT Support,2025-04-04 21:42:17,2025-04-07 03:42:55.686381,24,High,A013
T0479,C012,Cloud Services,2025-01-26 06:28:03,2025-01-27 06:33:18.595843,48,High,A021
T0480,C033,IT Support,2025-02-02 11:33:24,2025-02-03 01:53:28.915845,48,Medium,A028
T0481,C027,Networking,2025-01-23 22:37:43,2025-01-27 09:15:34.365719,24,Low,A013
T0482,C020,Networking,2025-04-03 18:49:28,2025-04-07 07:45:43.413712,24,Low,A004
T0483,C018,IT Support,2025-01-30 00:40:17,2025-01-30 23:54:54.846374,48,Low,A028
T0484,C012,Networking,2024-12-28 02:14:34,2024-12-29 16:31:36.328000,72,Medium,A009
T0485,C041,Networking,2025-03-16 11:09:08,2025-03-22 03:35:48.295994,48,Medium,A011
T0486,C009,IT Support,2025-04-23 09:58:45,2025-04-25 05:48:16.077559,48,Low,A003
T0487,C002,IT Support,2024-11-12 00:10:02,2024-11-14 13:57:19.973816,24,Low,A016
T0488,C041,Networking,2025-01-11 12:08:30,2025-01-20 23:40:19.039503,72,Medium,A011
T0489,C026,IT Support,2025-03-25 06:06:35,2025-03-26 14:03:19.097946,48,Low,A017
T0490,C024,IT Support,2025-03-26 20:59:14,2025-03-27 08:40:15.555130,48,Low,A021
T0491,C035,IT Support,2025-04-01 22:46:36,2025-04-04 07:22:51.586117,48,Low,A021
T0492,C044,Networking,2025-03-01 02:00:24,2025-03-05 00:58:52.534728,48,Medium,A003
T0493,C023,Cloud Services,2024-12-05 11:07:19,2024-12-09 08:40:00.423812,72,High,A026
T0494,C033,Cloud Services,2025-01-10 21:49:56,2025-01-11 20:00:50.082668,24,Medium,A024
T0495,C037,Cloud Services,2025-02-23 02:46:49,2025-02-23 11:28:18.993074,48,Medium,A015
T0496,C018,Cloud Services,2025-02-01 21:46:58,2025-02-02 05:50:10.298208,24,Low,A015
T0497,C049,IT Support,2025-01-26 09:58:18,2025-01-26 13:32:36.588824,48,Medium,A005
T0498,C012,Networking,2024-12-31 19:50:49,2025-01-02 08:11:56.401448,72,Medium,A004
T0499,C030,Cloud Services,2024-11-04 12:03:46,2024-11-04 20:51:14.939074,72,High,A003
T0500,C027,Networking,2024-11-26 08:52:42,2024-12-03 00:27:53.614016,48,Low,A027
T0501,C015,IT Support,2024-11-13 13:06:41,2024-11-13 21:28:54.395162,24,Low,A005
T0502,C037,Security,2025-04-09 05:24:27,2025-04-12 20:02:03.406113,48,High,A004
T0503,C029,IT Support,2024-11-12 18:29:02,2024-11-23 07:27:31.210444,48,Medium,A030
T0504,C048,Networking,2025-04-12 03:44:16,2025-04-13 03:25:23.698570,48,Medium,A005
T0505,C045,Networking,2025-04-26 05:19:11,2025-04-27 12:30:45.919811,48,Low,A023
T0506,C032,IT Support,2025-04-08 12:39:05,2025-04-09 16:31:13.877770,48,Low,A017
T0507,C021,Cloud Services,2025-01-26 20:53:54,2025-01-28 06:53:22.652298,48,High,A004
T0508,C024,IT Support,2024-11-28 05:30:30,2024-11-29 01:59:06.911226,48,Medium,A015
T0509,C017,Security,2025-01-25 01:28:32,2025-01-28 10:55:43.535570,48,High,A008
T0510,C019,IT Support,2025-01-21 02:35:22,2025-01-21 21:30:50.605903,72,Medium,A008
T0511,C036,Networking,2025-04-28 10:18:48,2025-04-28 12:14:44.783949,48,Low,A027
T0512,C045,Security,2025-03-06 21:33:07,2025-03-11 16:50:36.014206,72,High,A021
T0513,C005,IT Support,2024-11-07 18:20:37,2024-11-10 12:05:50.559274,48,Medium,A009
T0514,C017,Security,2025-01-22 03:36:26,2025-01-26 08:13:47.957765,72,Medium,A016
T0515,C006,Security,2025-03-09 13:57:04,2025-03-09 18:40:19.652714,72,Medium,A004
T0516,C024,Security,2024-12-04 18:50:19,2024-12-05 10:59:38.161054,48,Medium,A011
T0517,C017,Security,2025-04-16 10:08:32,2025-04-21 10:37:26.272352,48,High,A027
T0518,C047,Cloud Services,2024-11-09 13:52:52,2024-11-10 15:00:40.842155,72,High,A003
T0519,C045,IT Support,2025-02-02 09:58:03,2025-02-02 20:42:24.731431,24,Medium,A001
T0520,C038,Security,2025-03-12 03:22:33,2025-03-16 14:41:34.028229,24,Medium,A013
T0521,C016,Networking,2025-03-09 06:35:15,2025-03-16 09:25:12.143384,48,Medium,A029
T0522,C010,Networking,2024-11-18 01:22:46,2024-11-18 02:52:07.261451,72,Medium,A021
T0523,C024,Security,2025-03-26 01:24:43,2025-03-26 22:44:14.950753,72,Low,A025
T0524,C050,Cloud Services,2024-11-05 15:16:57,2024-11-08 18:58:32.534457,72,High,A008
T0525,C001,Cloud Services,2025-02-06 17:12:11,2025-02-07 09:57:21.268668,24,High,A001
T0526,C008,IT Support,2025-04-18 15:02:17,2025-04-18 18:28:16.992172,24,High,A009
T0527,C002,Security,2025-05-02 11:22:10,2025-05-05 09:06:36.256598,72,Low,A009
T0528,C004,Networking,2025-01-04 14:45:09,2025-01-07 04:23:52.165960,48,Low,A011
T0529,C013,IT Support,2025-04-23 06:30:37,2025-04-24 03:06:03.015532,24,Medium,A013
T0530,C016,Networking,2025-01-20 07:07:32,2025-01-26 12:06:03.797246,48,Low,A023
T0531,C038,Cloud Services,2025-04-23 13:23:08,2025-04-27 05:58:33.119700,48,Low,A026
T0532,C034,Security,2025-02-28 19:20:19,2025-03-01 20:05:19.160912,48,Medium,A023
T0533,C027,Networking,2025-01-07 19:54:59,2025-01-13 03:02:03.960336,48,Medium,A021
T0534,C030,IT Support,2025-04-28 07:43:28,2025-05-02 00:21:44.235516,48,Low,A019
T0535,C022,Security,2025-03-11 02:15:28,2025-03-11 23:30:57.219662,48,High,A023
T0536,C036,Cloud Services,2025-01-15 05:28:10,2025-01-19 06:16:51.363344,48,Medium,A020
T0537,C028,Networking,2025-01-19 11:50:33,2025-01-21 18:55:46.354861,48,High,A024
T0538,C004,IT Support,2024-12-27 02:27:08,2024-12-27 18:53:23.053078,48,High,A008
T0539,C014,Networking,2025-01-19 07:50:43,2025-01-19 23:02:38.956901,48,Low,A002
T0540,C049,Security,2025-03-02 20:34:31,2025-03-05 09:58:25.192361,48,Low,A017
T0541,C032,Networking,2025-04-07 23:48:43,2025-04-09 10:09:48.514534,24,Medium,A023
T0542,C006,IT Support,2025-02-05 01:00:39,2025-02-06 19:01:32.290303,48,High,A029
T0543,C043,Security,2024-12-20 16:23:05,2024-12-26 00:38:29.678630,72,Medium,A002
T0544,C015,Security,2025-03-25 19:50:06,2025-03-26 13:52:46.279826,72,Medium,A017
T0545,C037,IT Support,2024-12-01 06:55:56,2024-12-02 05:40:13.495174,72,Medium,A026
T0546,C025,Cloud Services,2025-02-17 06:12:17,2025-02-18 22:07:10.024536,72,Medium,A015
T0547,C013,IT Support,2024-11-18 20:09:00,2024-11-19 04:55:04.567706,72,High,A012
T0548,C025,Networking,2025-01-14 10:59:36,2025-01-14 17:39:21.184500,48,Low,A020
T0549,C042,IT Support,2025-04-25 23:26:25,2025-04-29 00:31:04.805150,48,Medium,A016
T0550,C035,Security,2025-01-04 15:47:54,2025-01-05 15:08:31.538390,72,Low,A014
T0551,C007,IT Support,2025-01-17 22:19:06,2025-01-20 21:01:33.487036,24,Low,A005
T0552,C016,IT Support,2025-03-27 03:48:16,2025-03-30 14:41:58.634716,72,Medium,A011
T0553,C036,IT Support,2025-02-21 05:43:27,2025-02-23 20:39:37.761064,48,Medium,A013
T0554,C007,Cloud Services,2025-01-30 21:45:27,2025-01-31 14:33:24.441764,24,Medium,A028
T0555,C028,Cloud Services,2024-11-11 13:26:05,2024-11-18 21:43:24.755204,24,Medium,A001
T0556,C035,IT Support,2025-01-13 13:50:59,2025-01-17 23:53:34.185102,48,Low,A022
T0557,C047,IT Support,2025-03-01 10:13:14,2025-03-04 11:20:25.521182,48,Medium,A013
T0558,C022,IT Support,2024-11-26 15:10:43,2024-11-27 14:03:15.273295,48,Low,A010
T0559,C038,IT Support,2025-04-25 02:29:24,2025-04-25 04:01:20.826310,72,High,A020
T0560,C036,Networking,2024-11-10 07:54:21,2024-11-10 08:23:04.401871,48,Medium,A006
T0561,C016,Security,2025-04-23 16:10:05,2025-04-26 13:08:01.258420,48,Low,A028
T0562,C042,Security,2025-01-01 17:28:59,2025-01-09 04:32:10.966608,24,Medium,A009
T0563,C032,Cloud Services,2024-11-13 07:29:53,2024-11-13 13:38:43.303652,48,Low,A001
T0564,C012,Cloud Services,2025-02-13 22:31:41,2025-02-16 15:00:29.569804,48,Medium,A021
T0565,C047,Security,2025-01-17 04:10:14,2025-01-19 06:04:43.678958,72,Low,A011
T0566,C008,IT Support,2024-11-07 16:47:08,2024-11-11 05:46:21.528622,48,Medium,A004
T0567,C029,Networking,2025-04-01 13:30:33,2025-04-06 03:46:20.866366,72,Medium,A013
T0568,C026,Cloud Services,2025-04-23 10:14:45,2025-04-26 04:17:59.206914,48,High,A009
T0569,C020,Networking,2025-01-23 14:20:17,2025-01-24 03:27:28.525347,48,Medium,A028
T0570,C026,Cloud Services,2025-04-16 10:43:37,2025-04-19 10:44:22.055177,48,Medium,A025
T0571,C045,Security,2025-01-29 08:16:47,2025-01-31 07:01:46.592030,72,Low,A021
T0572,C031,Cloud Services,2025-02-10 05:29:00,2025-02-11 17:26:45.334177,72,Medium,A001
T0573,C024,Networking,2025-04-03 07:16:24,2025-04-04 03:35:49.858761,72,Medium,A015
T0574,C026,IT Support,2025-04-16 11:26:41,2025-04-16 14:26:48.723803,48,High,A020
T0575,C033,Networking,2024-12-10 12:12:33,2024-12-12 12:03:10.830933,48,Medium,A002
T0576,C021,Networking,2024-12-30 06:00:01,2024-12-30 19:17:34.699318,48,Low,A006
T0577,C014,Networking,2024-11-28 13:45:01,2024-12-03 20:29:05.206724,72,Low,A030
T0578,C008,Cloud Services,2025-02-21 01:06:47,2025-02-22 16:36:56.206726,72,High,A012
T0579,C013,Networking,2024-11-29 03:16:45,2024-12-02 20:21:02.364817,72,High,A028
T0580,C004,Security,2024-12-28 06:22:39,2024-12-30 10:02:07.479312,24,Medium,A024
T0581,C012,Security,2024-11-19 22:30:13,2024-11-22 10:12:27.304675,72,Medium,A018
T0582,C018,Networking,2024-12-15 05:39:00,2024-12-17 00:51:55.514379,24,Low,A012
T0583,C034,IT Support,2025-04-25 11:35:08,2025-04-28 15:05:36.644966,72,High,A021
T0584,C008,IT Support,2025-04-23 13:38:55,2025-04-29 16:18:30.583220,72,High,A030
T0585,C001,Security,2024-11-24 22:23:41,2024-11-27 11:12:42.622596,48,Medium,A027
T0586,C029,Networking,2025-02-05 19:35:28,2025-02-12 06:17:56.097020,72,Medium,A005
T0587,C028,Networking,2025-01-21 05:01:58,2025-01-21 05:28:06.948634,48,High,A021
T0588,C002,Security,2024-11-04 16:32:38,2024-11-05 04:35:52.621137,48,Medium,A027
T0589,C029,Security,2025-02-18 14:33:58,2025-02-19 04:37:12.088830,48,High,A013
T0590,C027,Networking,2024-11-09 00:22:29,2024-11-09 06:25:44.826194,48,High,A025
T0591,C020,Cloud Services,2025-01-31 09:41:40,2025-02-03 06:23:52.939314,48,Medium,A003
T0592,C026,Networking,2025-01-01 14:44:20,2025-01-01 17:35:30.314691,48,Medium,A013
T0593,C027,Networking,2024-11-12 17:46:47,2024-11-13 07:39:09.334984,48,Medium,A018
T0594,C020,Cloud Services,2025-01-21 11:21:07,2025-01-26 02:57:42.077496,72,Low,A027
T0595,C001,IT Support,2024-12-21 07:07:21,2024-12-21 19:06:04.150465,24,Low,A024
T0596,C005,Cloud Services,2024-12-19 20:04:42,2024-12-20 12:00:43.427712,72,Medium,A019
T0597,C019,IT Support,2025-04-28 04:47:24,2025-04-29 07:33:42.464282,48,Medium,A015
T0598,C005,IT Support,2025-02-22 23:09:46,2025-02-27 15:31:30.923975,72,Medium,A023
T0599,C045,IT Support,2025-03-16 14:30:40,2025-03-17 21:33:45.099745,48,Low,A016
T0600,C028,Networking,2025-01-12 10:26:31,2025-01-13 05:46:37.547704,72,Low,A004
T0601,C001,Security,2024-12-27 09:07:13,2024-12-28 01:54:55.809380,72,Low,A027
T0602,C034,IT Support,2025-01-31 11:11:31,2025-02-04 01:55:10.878205,48,Medium,A010
T0603,C049,Security,2025-01-08 15:37:24,2025-01-12 03:13:39.746007,48,Low,A020
T0604,C041,IT Support,2025-02-04 10:28:23,2025-02-05 13:03:16.557453,24,Medium,A028
T0605,C010,Cloud Services,2024-12-10 15:58:50,2024-12-12 03:27:45.909794,24,Low,A006
T0606,C022,Security,2025-04-25 03:48:17,2025-04-25 04:17:29.513746,48,Low,A012
T0607,C047,IT Support,2024-12-05 15:38:06,2024-12-06 03:49:33.922059,48,High,A023
T0608,C037,IT Support,2025-02-11 06:27:56,2025-02-13 03:37:02.542758,72,Low,A019
T0609,C047,Networking,2024-12-20 04:20:03,2024-12-20 13:57:15.771548,48,Medium,A016
T0610,C021,Cloud Services,2025-03-06 23:52:26,2025-03-09 19:14:19.298140,48,Medium,A027
T0611,C032,Security,2024-12-31 08:13:56,2025-01-01 09:55:25.018086,72,Low,A030
T0612,C010,Networking,2024-11-03 08:52:48,2024-11-05 02:57:11.341522,72,Low,A004
T0613,C021,IT Support,2024-11-08 19:03:49,2024-11-14 18:06:17.969573,48,Low,A001
T0614,C017,IT Support,2025-02-18 18:06:10,2025-02-21 05:16:17.092030,24,Medium,A002
T0615,C006,IT Support,2025-01-16 15:02:12,2025-01-19 00:22:58.534574,72,Low,A026
T0616,C017,Networking,2025-03-31 11:38:21,2025-04-03 02:18:22.904566,72,High,A029
T0617,C020,Cloud Services,2024-11-20 01:54:15,2024-11-20 09:15:53.854954,48,Low,A017
T0618,C047,IT Support,2024-11-07 14:31:17,2024-11-10 00:29:58.658121,72,High,A001
T0619,C036,Cloud Services,2025-04-22 15:56:28,2025-04-23 09:53:25.387559,48,Medium,A004
T0620,C035,Cloud Services,2025-02-05 08:44:23,2025-02-06 08:01:25.660845,24,Medium,A001
T0621,C004,Cloud Services,2025-02-11 16:41:13,2025-02-18 17:24:53.539291,48,Medium,A019
T0622,C040,Security,2025-03-29 21:06:32,2025-04-01 07:54:03.110003,48,Medium,A005
T0623,C013,Cloud Services,2025-04-01 02:39:00,2025-04-03 15:29:16.957942,72,High,A003
T0624,C043,Networking,2024-11-20 07:21:03,2024-11-26 09:34:29.433501,48,High,A004
T0625,C022,Security,2024-12-18 08:20:53,2024-12-20 07:25:53.744392,48,Medium,A008
T0626,C003,Networking,2025-04-15 06:09:16,2025-04-15 19:59:35.299642,48,High,A019
T0627,C008,Cloud Services,2025-01-03 22:02:16,2025-01-05 21:30:08.180329,48,Low,A012
T0628,C027,Cloud Services,2025-01-05 06:41:30,2025-01-05 22:58:17.136673,48,Medium,A001
T0629,C005,Networking,2025-04-13 18:32:23,2025-04-14 21:34:00.995488,72,Low,A001
T0630,C019,Networking,2024-11-19 09:03:15,2024-11-20 01:12:28.056703,48,Medium,A002
T0631,C033,IT Support,2024-11-18 13:11:28,2024-11-19 00:13:37.866371,48,Medium,A007
T0632,C019,Cloud Services,2024-12-07 22:06:10,2024-12-09 22:07:25.920842,24,Medium,A024
T0633,C010,IT Support,2025-04-15 14:52:38,2025-04-24 21:41:38.890464,48,High,A026
T0634,C002,Networking,2025-02-20 18:02:56,2025-02-21 22:45:18.848109,72,Medium,A028
T0635,C026,Cloud Services,2024-12-09 10:51:43,2024-12-10 11:40:13.881106,72,Medium,A027
T0636,C003,Networking,2025-02-13 19:06:41,2025-02-15 06:18:44.440880,24,Medium,A003
T0637,C010,Networking,2024-11-10 02:10:20,2024-11-10 17:10:55.286789,48,High,A011
T0638,C047,Networking,2024-12-18 22:08:51,2024-12-20 17:34:32.950660,24,Low,A009
T0639,C020,Security,2025-03-14 19:22:43,2025-03-15 00:00:52.832066,48,Medium,A030
T0640,C006,Security,2025-01-05 15:04:09,2025-01-07 16:19:35.432611,72,Medium,A009
T0641,C041,Security,2025-01-10 04:57:43,2025-01-12 15:49:31.134786,48,Low,A028
T0642,C019,Networking,2024-12-30 08:35:01,2024-12-30 08:40:50.152372,24,Medium,A021
T0643,C048,IT Support,2025-02-16 15:11:10,2025-02-22 10:10:36.291277,72,Low,A022
T0644,C045,Cloud Services,2025-05-02 11:53:18,2025-05-04 10:59:39.678490,48,Medium,A013
T0645,C036,Security,2024-12-11 23:44:49,2024-12-13 17:43:21.174587,48,High,A004
T0646,C032,Cloud Services,2025-03-26 05:58:10,2025-03-28 20:03:48.805295,48,Low,A006
T0647,C050,Security,2025-04-25 05:24:25,2025-04-25 10:33:55.155284,24,High,A021
T0648,C015,Cloud Services,2025-03-24 07:44:30,2025-03-29 05:48:44.862644,48,Medium,A009
T0649,C028,IT Support,2025-04-12 19:31:06,2025-04-13 23:12:41.004192,72,Medium,A009
T0650,C040,Security,2025-03-04 05:35:20,2025-03-04 18:53:23.056778,72,Low,A023
T0651,C033,IT Support,2024-11-07 02:26:13,2024-11-07 04:53:59.860328,72,Low,A011
T0652,C050,Security,2024-11-16 00:54:18,2024-11-16 14:33:28.145858,24,Low,A001
T0653,C048,Security,2024-11-26 08:04:50,2024-11-28 13:42:57.192489,24,High,A006
T0654,C013,Cloud Services,2025-04-26 13:22:53,2025-04-27 12:34:55.368746,48,Low,A010
T0655,C027,Networking,2025-02-14 04:04:42,2025-02-15 14:40:27.022747,48,Low,A014
T0656,C006,Security,2025-01-03 05:15:08,2025-01-04 03:30:53.260481,72,Medium,A017
T0657,C037,IT Support,2024-11-19 17:24:13,2024-11-23 17:35:29.292558,72,Low,A027
T0658,C043,Security,2024-11-25 14:32:45,2024-11-26 19:37:21.908500,48,Medium,A026
T0659,C043,IT Support,2025-03-15 05:11:26,2025-03-16 14:24:25.563972,48,Medium,A018
T0660,C011,Networking,2025-01-29 07:54:16,2025-02-01 19:29:47.746948,48,Low,A004
T0661,C043,Networking,2025-02-21 02:01:28,2025-02-22 20:50:54.240163,48,Low,A028
T0662,C014,Networking,2025-03-14 16:20:46,2025-03-14 21:41:30.910024,72,Medium,A001
T0663,C029,IT Support,2024-12-07 06:38:14,2024-12-12 10:21:04.496670,24,Medium,A028
T0664,C045,Security,2025-01-06 23:47:07,2025-01-09 04:10:03.167183,72,Medium,A003
T0665,C012,Cloud Services,2024-12-26 15:52:06,2024-12-29 22:32:41.799614,24,Medium,A010
T0666,C024,IT Support,2025-01-09 07:34:02,2025-01-10 20:22:43.975931,48,High,A014
T0667,C036,Networking,2024-11-28 21:24:46,2024-12-03 19:03:30.341180,72,Medium,A010
T0668,C049,IT Support,2025-01-09 08:34:05,2025-01-09 23:46:22.154990,48,High,A006
T0669,C022,IT Support,2025-02-18 12:54:45,2025-02-20 03:36:06.540156,48,High,A010
T0670,C016,Security,2025-01-03 18:15:28,2025-01-08 01:48:49.564788,48,Medium,A022
T0671,C023,IT Support,2025-04-11 03:15:38,2025-04-11 20:06:12.794643,48,Medium,A020
T0672,C017,Security,2024-11-20 12:19:14,2024-11-21 00:50:27.675774,24,Low,A002
T0673,C030,Networking,2024-11-18 17:46:08,2024-11-20 06:12:11.840082,72,Medium,A030
T0674,C042,Security,2024-12-19 17:02:48,2024-12-19 17:58:25.509711,24,Low,A010
T0675,C034,IT Support,2025-01-10 16:26:02,2025-01-12 16:45:49.148974,48,Low,A011
T0676,C019,Networking,2025-01-25 12:05:22,2025-01-26 01:36:05.939569,24,Low,A028
T0677,C009,Security,2024-12-13 16:50:24,2024-12-15 09:33:52.180977,72,Medium,A001
T0678,C047,Networking,2025-03-28 10:55:39,2025-03-30 00:17:43.476349,48,Low,A018
T0679,C001,Networking,2024-12-05 19:08:43,2024-12-06 14:11:35.351796,48,Low,A015
T0680,C029,Security,2024-12-28 13:57:06,2024-12-28 19:50:13.639893,48,Low,A026
T0681,C026,IT Support,2025-04-01 16:30:12,2025-04-03 02:58:06.471578,24,Medium,A026
T0682,C049,Networking,2025-01-04 13:09:51,2025-01-05 23:11:25.538217,48,Medium,A025
T0683,C029,IT Support,2025-01-17 11:39:14,2025-01-19 17:20:39.272276,48,Low,A026
T0684,C028,IT Support,2024-12-28 11:53:10,2024-12-29 01:54:17.068907,24,Medium,A001
T0685,C041,Security,2025-02-02 09:24:36,2025-02-03 15:26:18.263950,72,Low,A022
T0686,C019,Security,2025-02-20 05:11:49,2025-02-23 08:27:55.889583,48,High,A013
T0687,C046,Networking,2025-01-11 12:18:53,2025-01-12 20:06:21.244403,24,Medium,A018
T0688,C032,Cloud Services,2025-04-22 20:12:52,2025-04-27 11:35:51.742940,48,High,A012
T0689,C015,Cloud Services,2025-01-05 20:11:42,2025-01-06 05:49:17.856868,72,Medium,A017
T0690,C045,Networking,2024-11-26 20:54:03,2024-11-27 00:35:47.718388,48,Medium,A029
T0691,C019,Security,2025-02-16 09:45:25,2025-02-18 01:03:41.389313,48,Medium,A008
T0692,C011,Networking,2025-04-27 05:42:29,2025-04-27 09:07:30.373883,48,Medium,A027
T0693,C049,IT Support,2024-12-03 14:42:25,2024-12-04 13:35:34.149182,72,Low,A028
T0694,C048,IT Support,2025-03-30 18:46:44,2025-03-30 23:35:23.921958,24,Medium,A009
T0695,C045,Networking,2024-12-06 16:18:09,2024-12-08 10:22:07.768920,72,High,A026
T0696,C019,Cloud Services,2025-04-25 18:04:55,2025-04-28 14:17:05.413111,24,Medium,A027
T0697,C028,Networking,2024-11-30 01:19:05,2024-11-30 10:15:17.979208,24,Medium,A017
T0698,C021,Cloud Services,2024-11-18 19:31:07,2024-11-19 09:51:25.372174,48,Medium,A010
T0699,C042,Cloud Services,2025-04-19 13:02:11,2025-04-21 06:32:24.858884,48,Medium,A013
T0700,C040,Security,2025-05-02 13:16:57,2025-05-05 01:09:44.778085,48,Low,A013
T0701,C012,Networking,2025-01-16 20:43:59,2025-01-17 08:20:49.735865,48,Medium,A015
T0702,C050,Cloud Services,2025-03-06 10:24:46,2025-03-08 01:35:39.401576,48,Medium,A023
T0703,C038,IT Support,2025-01-13 19:40:28,2025-01-15 23:23:17.843558,72,Low,A006
T0704,C030,IT Support,2025-03-18 17:30:18,2025-03-21 11:42:32.495457,48,High,A021
T0705,C036,Security,2025-02-15 05:16:19,2025-02-17 14:12:45.939457,48,Low,A007
T0706,C032,Security,2024-12-23 09:56:02,2024-12-26 09:55:00.554447,72,High,A024
T0707,C012,IT Support,2024-12-07 11:55:04,2024-12-07 16:21:34.474643,48,Medium,A001
T0708,C021,Cloud Services,2025-01-25 20:14:30,2025-01-27 02:10:28.547704,48,Low,A005
T0709,C048,Networking,2025-03-17 20:43:37,2025-03-19 20:27:22.418166,72,Medium,A014
T0710,C029,Security,2024-12-31 12:54:01,2025-01-04 22:02:06.952170,48,High,A006
T0711,C033,Networking,2025-01-26 00:21:05,2025-01-26 05:06:25.580930,72,Medium,A006
T0712,C043,IT Support,2025-03-20 12:07:30,2025-03-20 16:54:43.285568,72,Medium,A029
T0713,C035,Security,2025-01-14 22:36:23,2025-01-18 20:18:24.517497,72,Low,A029
T0714,C011,Security,2025-02-09 22:14:10,2025-02-10 16:36:51.453324,72,High,A022
T0715,C048,IT Support,2024-12-31 10:09:18,2025-01-02 02:14:27.975116,48,Low,A006
T0716,C049,Cloud Services,2025-03-29 03:52:14,2025-03-29 04:42:03.188176,72,Medium,A023
T0717,C035,Security,2024-11-09 18:57:27,2024-11-13 10:03:53.944246,48,Medium,A021
T0718,C004,IT Support,2025-03-26 22:51:12,2025-03-27 23:33:36.446782,48,Medium,A019
T0719,C043,IT Support,2024-12-19 10:30:12,2024-12-20 14:31:53.892384,72,Low,A019
T0720,C034,Security,2024-11-19 11:29:31,2024-11-23 12:50:21.537245,48,Medium,A027
T0721,C050,Cloud Services,2024-11-10 21:37:27,2024-11-12 04:02:01.079616,48,High,A010
T0722,C011,Cloud Services,2025-04-28 14:40:29,2025-05-01 02:56:39.721899,48,Medium,A018
T0723,C023,Security,2024-12-01 02:42:31,2024-12-02 00:18:47.118528,72,Low,A005
T0724,C025,IT Support,2025-04-22 01:01:41,2025-04-22 03:42:44.986649,48,Low,A022
T0725,C004,IT Support,2025-01-30 02:41:05,2025-01-30 10:50:14.659055,48,Low,A012
T0726,C017,IT Support,2025-02-22 13:54:41,2025-02-22 15:59:17.166008,48,High,A018
T0727,C043,Security,2024-11-08 23:37:29,2024-11-09 00:33:09.311112,72,High,A022
T0728,C028,Cloud Services,2025-03-29 19:34:20,2025-04-01 03:07:40.286021,72,High,A013
T0729,C038,Networking,2025-04-11 03:33:38,2025-04-11 11:34:13.272245,48,High,A026
T0730,C043,Networking,2025-03-21 14:50:39,2025-03-24 07:36:29.058331,24,Medium,A029
T0731,C020,Cloud Services,2024-12-21 09:05:21,2024-12-22 11:30:46.366710,24,Low,A014
T0732,C045,Security,2025-01-31 03:23:24,2025-02-02 07:02:17.833016,48,High,A016
T0733,C009,Security,2025-02-17 03:41:27,2025-02-18 02:17:05.628193,72,Low,A005
T0734,C008,Security,2024-11-06 08:10:35,2024-11-10 21:27:08.837797,48,High,A030
T0735,C012,IT Support,2025-03-14 12:06:37,2025-03-14 18:40:52.200846,48,Medium,A010
T0736,C011,Networking,2024-11-20 08:26:14,2024-11-25 21:52:48.414274,24,Low,A012
T0737,C050,Networking,2025-03-25 22:12:37,2025-03-26 07:02:43.402537,48,High,A020
T0738,C037,Networking,2024-11-19 20:30:04,2024-11-21 00:12:01.077386,48,Low,A008
T0739,C040,Security,2025-01-23 13:36:03,2025-01-24 17:24:35.576079,48,Medium,A008
T0740,C010,Security,2025-03-15 20:33:39,2025-03-16 08:28:08.177888,24,Medium,A004
T0741,C037,Networking,2025-03-22 17:03:27,2025-03-24 22:51:28.174698,24,High,A018
T0742,C023,Networking,2024-11-15 21:12:41,2024-11-16 17:20:56.007682,72,Medium,A023
T0743,C005,Cloud Services,2024-11-03 02:24:16,2024-11-05 13:16:31.033633,48,Medium,A008
T0744,C044,Cloud Services,2025-04-24 00:46:29,2025-04-24 18:08:39.349036,48,Low,A023
T0745,C031,Networking,2025-01-29 16:47:20,2025-01-29 20:54:35.671755,48,High,A010
T0746,C022,IT Support,2025-03-22 20:36:36,2025-03-23 12:30:22.687948,48,Medium,A018
T0747,C015,Networking,2025-03-12 23:55:20,2025-03-15 04:44:03.310872,72,Medium,A023
T0748,C009,Cloud Services,2025-04-18 05:58:22,2025-04-21 21:58:08.841092,72,Medium,A027
T0749,C009,Security,2025-01-26 04:37:28,2025-01-27 16:07:54.392309,48,Medium,A006
T0750,C035,Cloud Services,2024-12-18 00:10:44,2024-12-21 15:36:53.422926,48,Medium,A023
T0751,C032,Networking,2025-03-20 10:19:58,2025-03-22 19:53:20.206664,48,High,A013
T0752,C019,IT Support,2025-03-06 06:13:19,2025-03-12 07:25:28.419749,24,Medium,A026
T0753,C039,Cloud Services,2025-01-24 20:17:37,2025-01-28 22:04:44.343574,48,Medium,A027
T0754,C028,IT Support,2024-12-31 01:19:15,2024-12-31 08:37:43.217253,48,Low,A028
T0755,C016,Networking,2025-04-12 08:34:55,2025-04-13 16:58:28.335674,48,Medium,A006
T0756,C006,Networking,2025-02-08 13:46:09,2025-02-15 13:57:59.508060,48,Low,A010
T0757,C049,Security,2025-04-20 01:31:14,2025-04-20 23:29:59.519574,24,High,A005
T0758,C041,Security,2025-04-05 09:16:54,2025-04-05 18:31:21.657232,48,Low,A026
T0759,C004,IT Support,2025-03-02 12:38:52,2025-03-04 00:04:26.388932,48,Medium,A010
T0760,C013,IT Support,2025-02-05 08:24:23,2025-02-08 11:54:51.392458,48,Low,A001
T0761,C024,Networking,2025-02-26 04:36:44,2025-02-27 19:24:19.799183,24,Low,A027
T0762,C008,Security,2025-02-18 03:09:43,2025-02-18 05:07:27.682411,48,Low,A027
T0763,C028,IT Support,2025-01-16 10:52:35,2025-01-18 05:40:01.190916,24,Medium,A023
T0764,C017,Networking,2024-11-24 02:16:39,2024-11-25 10:20:28.851719,48,High,A018
T0765,C013,Security,2025-02-26 16:17:45,2025-02-27 16:38:42.080922,72,Low,A021
T0766,C019,Cloud Services,2024-11-22 13:55:27,2024-11-22 16:09:25.288494,48,Medium,A020
T0767,C023,Cloud Services,2024-12-27 20:06:50,2024-12-29 06:20:25.384314,48,Low,A001
T0768,C047,IT Support,2025-01-11 18:17:06,2025-01-15 14:18:38.197836,72,Medium,A011
T0769,C015,Cloud Services,2025-03-12 10:33:11,2025-03-13 15:09:55.495686,48,Medium,A014
T0770,C027,Networking,2024-11-19 18:25:58,2024-11-24 16:44:18.594728,24,Medium,A011
T0771,C011,Security,2025-03-14 07:54:08,2025-03-17 13:30:12.558784,48,Low,A017
T0772,C021,IT Support,2025-02-21 13:03:21,2025-02-22 00:25:04.833510,48,High,A024
T0773,C037,IT Support,2025-04-28 08:20:27,2025-04-29 07:51:24.590546,24,High,A022
T0774,C011,Cloud Services,2024-11-23 05:42:15,2024-11-23 10:06:07.026788,48,Low,A019
T0775,C039,Cloud Services,2024-11-04 02:11:59,2024-11-04 18:53:42.758844,24,Medium,A006
T0776,C002,Networking,2025-03-07 18:37:55,2025-03-10 01:06:01.119619,48,High,A019
T0777,C049,Security,2025-04-02 22:27:25,2025-04-04 08:20:22.554893,48,Medium,A013
T0778,C041,Cloud Services,2025-01-30 11:01:09,2025-01-30 11:30:55.362645,72,Medium,A014
T0779,C046,Cloud Services,2024-12-02 00:36:29,2024-12-05 04:33:15.908492,48,Medium,A028
T0780,C040,IT Support,2024-11-18 21:41:50,2024-11-19 12:13:05.978705,48,High,A008
T0781,C038,Cloud Services,2025-03-05 23:22:11,2025-03-11 13:37:01.973309,48,Low,A015
T0782,C024,Security,2025-04-27 16:48:45,2025-04-28 01:20:28.367599,48,High,A025
T0783,C024,Networking,2025-03-16 15:59:57,2025-03-21 13:20:10.959877,24,Low,A009
T0784,C010,Security,2024-12-08 23:55:42,2024-12-11 18:41:49.224222,72,High,A005
T0785,C049,Security,2025-02-16 17:22:05,2025-02-16 23:13:15.920884,72,Medium,A009
T0786,C034,Security,2024-12-14 02:18:23,2024-12-16 06:35:21.468454,48,High,A020
T0787,C048,Security,2024-12-23 13:37:34,2024-12-26 09:37:23.683145,48,Low,A022
T0788,C021,IT Support,2024-12-23 02:10:09,2024-12-23 12:19:11.740932,24,High,A020
T0789,C033,Cloud Services,2025-04-20 09:22:45,2025-04-20 15:30:33.222638,72,Low,A015
T0790,C015,Networking,2025-01-15 11:07:47,2025-01-21 10:49:43.137761,24,Medium,A024
T0791,C049,Security,2025-03-26 01:01:39,2025-03-26 06:58:38.945953,48,Medium,A015
T0792,C021,Cloud Services,2025-02-05 05:25:46,2025-02-05 06:09:48.670118,48,High,A008
T0793,C050,Networking,2025-02-01 14:22:13,2025-02-03 17:44:08.656327,72,Medium,A017
T0794,C005,Networking,2025-01-15 19:25:25,2025-01-15 23:34:07.630543,48,Medium,A023
T0795,C038,IT Support,2024-12-21 03:04:21,2024-12-22 00:36:36.090972,24,Low,A027
T0796,C030,Security,2024-11-06 15:31:42,2024-11-08 10:53:45.321199,72,Medium,A012
T0797,C008,Security,2024-11-09 18:45:55,2024-11-13 21:51:27.741887,72,Medium,A029
T0798,C009,Security,2025-01-24 09:14:28,2025-01-27 19:13:00.001092,72,High,A021
T0799,C031,Cloud Services,2025-01-23 10:04:03,2025-01-23 23:14:41.771839,24,Low,A001
T0800,C047,IT Support,2025-02-05 00:02:35,2025-02-06 05:26:10.510704,48,Low,A010
T0801,C017,Networking,2024-12-23 18:31:22,2024-12-24 15:53:06.904974,72,Medium,A013
T0802,C017,IT Support,2024-12-09 08:42:55,2024-12-12 12:31:58.886780,24,Medium,A013
T0803,C014,IT Support,2025-03-07 04:39:39,2025-03-07 08:54:30.186346,48,High,A014
T0804,C015,Networking,2025-01-13 08:32:06,2025-01-13 18:13:02.397968,24,Medium,A013
T0805,C035,Cloud Services,2024-11-24 16:37:45,2024-11-25 22:07:41.879458,48,Low,A022
T0806,C034,Networking,2025-01-22 04:27:55,2025-01-22 08:17:19.970627,48,High,A026
T0807,C050,Networking,2024-11-27 17:25:21,2024-11-28 18:33:57.655231,24,Medium,A025
T0808,C044,Security,2024-11-08 08:03:04,2024-11-10 20:15:44.454182,24,Medium,A011
T0809,C035,Security,2024-12-22 00:08:54,2024-12-22 02:18:36.843686,48,Low,A003
T0810,C040,Cloud Services,2025-02-15 22:37:05,2025-02-16 23:23:41.979917,72,Medium,A017
T0811,C035,Cloud Services,2024-12-16 07:48:14,2024-12-20 21:58:27.307790,72,Medium,A006
T0812,C048,Security,2024-12-05 14:04:51,2024-12-07 20:09:04.218531,48,Medium,A004
T0813,C016,Networking,2024-12-19 08:42:25,2024-12-20 23:42:54.331874,24,Low,A026
T0814,C031,Security,2025-03-03 14:43:23,2025-03-03 23:33:47.169347,72,Low,A024
T0815,C039,IT Support,2024-11-26 22:15:38,2024-12-03 20:30:00.765092,48,High,A007
T0816,C042,IT Support,2024-11-05 23:31:47,2024-11-11 10:13:12.839045,72,Medium,A003
T0817,C050,IT Support,2025-01-28 15:28:09,2025-01-28 20:04:07.011536,48,Medium,A007
T0818,C045,Security,2025-04-28 17:47:19,2025-05-01 08:54:12.198636,72,High,A006
T0819,C044,Cloud Services,2025-04-19 05:34:17,2025-04-24 23:13:28.657160,48,Medium,A006
T0820,C040,Networking,2024-12-15 09:33:35,2024-12-15 23:26:36.071582,72,Medium,A005
T0821,C003,Networking,2025-03-11 22:06:53,2025-03-16 13:24:17.019468,48,Low,A017
T0822,C017,IT Support,2025-03-15 05:33:09,2025-03-17 14:49:02.293795,48,Low,A022
T0823,C001,Cloud Services,2024-12-15 11:10:30,2024-12-18 21:35:57.402394,48,Medium,A023
T0824,C003,IT Support,2025-04-12 18:53:51,2025-04-13 09:44:11.908564,72,Medium,A023
T0825,C041,IT Support,2025-01-05 11:10:34,2025-01-06 16:43:19.263295,48,Low,A019
T0826,C023,Networking,2025-01-10 09:22:49,2025-01-14 18:05:19.053854,48,Medium,A002
T0827,C025,Networking,2024-12-28 06:58:35,2024-12-28 15:58:27.813381,48,High,A025
T0828,C041,IT Support,2025-01-14 13:07:23,2025-01-16 21:24:09.724574,48,Medium,A020
T0829,C011,Security,2025-02-03 22:58:58,2025-02-04 18:36:36.944776,24,High,A022
T0830,C002,Cloud Services,2025-02-08 04:43:26,2025-02-15 13:11:58.895199,24,Low,A018
T0831,C049,Security,2024-12-14 08:51:53,2024-12-14 11:21:29.742812,24,Medium,A021
T0832,C044,Security,2025-02-23 08:11:55,2025-02-25 23:15:10.090188,72,Medium,A016
T0833,C004,Security,2025-02-20 08:52:38,2025-02-22 18:18:14.075115,48,Low,A026
T0834,C008,Security,2024-12-15 12:25:11,2024-12-16 03:52:17.667218,72,Low,A023
T0835,C012,IT Support,2025-03-04 23:10:30,2025-03-06 13:29:21.665382,24,High,A017
T0836,C036,IT Support,2025-03-07 12:30:54,2025-03-08 00:33:03.351232,48,Low,A026
T0837,C029,Security,2025-01-29 19:13:35,2025-01-30 00:02:12.881709,48,High,A030
T0838,C007,IT Support,2025-03-31 02:47:05,2025-03-31 18:32:09.545792,48,High,A029
T0839,C036,Security,2025-01-09 13:17:57,2025-01-10 17:18:41.032910,48,Medium,A019
T0840,C037,Security,2024-12-01 23:56:37,2024-12-02 11:38:22.460773,48,High,A029
T0841,C036,Networking,2025-04-22 01:25:47,2025-04-22 09:11:17.759951,48,Medium,A016
T0842,C030,IT Support,2025-03-24 04:24:30,2025-03-24 13:25:37.562503,72,Medium,A002
T0843,C029,Cloud Services,2025-01-05 20:32:43,2025-01-06 06:51:50.025901,48,High,A020
T0844,C019,Networking,2025-04-28 02:17:39,2025-04-28 20:14:18.276376,24,Low,A015
T0845,C032,Cloud Services,2025-01-05 04:24:40,2025-01-08 07:26:28.768178,24,Low,A005
T0846,C037,Networking,2024-11-25 09:54:21,2024-11-25 18:03:53.269705,72,Medium,A029
T0847,C009,Networking,2024-12-29 11:38:06,2025-01-07 15:31:40.679220,24,Medium,A004
T0848,C035,IT Support,2025-01-14 23:01:32,2025-01-22 12:40:54.760715,72,Medium,A019
T0849,C010,Networking,2024-12-07 16:15:21,2024-12-16 02:24:12.703951,72,Medium,A024
T0850,C046,Security,2025-02-21 23:31:48,2025-02-23 15:24:03.432960,72,High,A011
T0851,C021,Cloud Services,2025-03-07 22:35:04,2025-03-08 14:16:54.828791,24,Medium,A015
T0852,C033,Security,2024-11-06 03:09:49,2024-11-09 13:02:38.329217,24,High,A001
T0853,C007,Networking,2025-04-11 10:17:53,2025-04-13 12:58:38.739920,72,Medium,A004
T0854,C040,Networking,2024-12-20 16:25:45,2024-12-20 21:38:17.938520,24,Medium,A013
T0855,C027,IT Support,2025-01-22 16:17:12,2025-01-22 23:15:08.464866,24,High,A017
T0856,C030,Cloud Services,2025-01-16 21:15:21,2025-01-19 04:19:48.212271,48,Low,A025
T0857,C042,Cloud Services,2025-04-26 02:32:20,2025-04-26 03:25:46.695921,48,Medium,A024
T0858,C037,Networking,2025-03-13 06:46:47,2025-03-16 00:45:50.873584,48,Low,A022
T0859,C027,IT Support,2024-12-04 01:47:42,2024-12-04 08:02:26.239905,72,High,A026
T0860,C009,Cloud Services,2025-03-15 09:51:23,2025-03-17 05:08:25.675806,48,Low,A010
T0861,C020,Security,2025-03-10 18:57:23,2025-03-10 23:02:31.884554,48,Medium,A001
T0862,C027,Networking,2025-03-26 21:37:20,2025-03-29 03:15:14.232716,72,Medium,A014
T0863,C037,Cloud Services,2025-04-20 06:44:18,2025-04-21 07:05:20.382238,72,Low,A007
T0864,C014,IT Support,2025-01-04 23:00:01,2025-01-06 08:17:53.121389,24,Medium,A014
T0865,C022,Cloud Services,2025-03-27 01:06:01,2025-03-30 06:24:10.247701,72,High,A013
T0866,C016,IT Support,2025-01-31 09:40:49,2025-02-01 02:20:49.415538,48,High,A025
T0867,C020,Networking,2025-03-17 09:48:16,2025-03-18 03:28:07.289747,72,Medium,A023
T0868,C005,Cloud Services,2025-02-19 04:16:10,2025-02-19 04:19:22.276813,48,Medium,A019
T0869,C006,Cloud Services,2024-11-29 04:40:00,2024-11-30 23:52:13.194144,24,Medium,A013
T0870,C046,Cloud Services,2024-12-07 14:29:10,2024-12-11 05:38:09.122532,24,High,A017
T0871,C034,IT Support,2025-01-22 14:01:23,2025-01-26 03:30:27.416626,72,Low,A020
T0872,C014,Security,2025-03-11 08:07:37,2025-03-13 09:49:27.902774,48,High,A021
T0873,C019,Networking,2025-04-17 16:30:59,2025-04-20 04:17:21.788339,48,Low,A023
T0874,C020,Security,2025-03-26 09:55:30,2025-03-29 18:59:30.926767,72,High,A029
T0875,C022,Networking,2025-01-15 11:18:23,2025-01-15 15:34:23.682593,48,Medium,A028
T0876,C001,Cloud Services,2025-03-04 05:03:09,2025-03-04 17:19:56.715906,48,Low,A011
T0877,C011,IT Support,2024-12-28 15:07:05,2025-01-01 04:05:37.673414,72,Low,A016
T0878,C001,Security,2024-11-10 20:55:50,2024-11-21 17:02:51.781094,48,Medium,A015
T0879,C020,Networking,2024-11-18 05:44:00,2024-11-19 00:07:32.053729,48,Medium,A016
T0880,C035,IT Support,2025-02-08 22:23:08,2025-02-09 05:14:51.221636,48,Medium,A012
T0881,C039,Cloud Services,2024-12-01 21:55:31,2024-12-03 14:43:54.363560,48,Medium,A019
T0882,C013,IT Support,2025-01-30 08:24:27,2025-02-01 23:17:59.352633,48,Low,A022
T0883,C045,Networking,2025-04-03 04:41:22,2025-04-03 22:19:44.283721,48,Low,A008
T0884,C048,Security,2025-04-13 06:26:36,2025-04-13 12:52:58.834420,72,Medium,A011
T0885,C019,Cloud Services,2024-12-18 23:12:20,2024-12-19 14:49:49.114288,72,Low,A012
T0886,C011,Networking,2025-01-05 14:35:37,2025-01-06 21:26:47.045213,24,Low,A011
T0887,C006,Networking,2025-02-16 16:54:38,2025-02-16 18:56:56.487410,48,Medium,A017
T0888,C040,Cloud Services,2024-11-21 03:51:42,2024-11-23 01:30:31.391361,72,Medium,A022
T0889,C039,IT Support,2025-02-09 23:14:14,2025-02-14 10:47:58.251559,24,High,A012
T0890,C043,Security,2025-01-07 15:40:08,2025-01-10 01:44:18.658326,48,High,A014
T0891,C013,IT Support,2024-11-30 16:00:18,2024-12-03 07:16:46.204752,72,High,A022
T0892,C011,Cloud Services,2024-11-25 10:23:55,2024-11-26 05:43:06.627252,48,Medium,A014
T0893,C041,Security,2025-05-02 01:14:10,2025-05-02 18:51:19.723914,48,Medium,A018
T0894,C026,IT Support,2025-03-28 21:05:02,2025-03-30 15:14:45.447525,72,Low,A019
T0895,C035,Networking,2025-01-08 22:57:41,2025-01-09 02:47:34.897138,24,Medium,A003
T0896,C029,IT Support,2025-02-12 16:43:24,2025-02-13 21:34:17.611504,48,Low,A024
T0897,C047,IT Support,2024-12-11 05:28:03,2024-12-19 17:42:07.662358,24,Medium,A020
T0898,C025,Networking,2025-01-29 09:49:37,2025-01-30 10:06:10.912008,48,Medium,A017
T0899,C010,IT Support,2025-01-17 22:39:33,2025-01-24 03:03:02.988625,24,Medium,A029
T0900,C033,IT Support,2025-03-23 05:24:03,2025-03-23 11:03:34.890085,72,Low,A028
T0901,C043,Networking,2025-01-24 09:58:39,2025-01-24 18:29:55.501742,72,Low,A001
T0902,C035,Cloud Services,2025-01-24 17:05:20,2025-01-24 19:08:47.936014,48,Medium,A019
T0903,C043,Security,2024-11-11 20:36:22,2024-11-12 13:25:00.261271,48,Medium,A025
T0904,C016,Security,2025-04-25 20:38:58,2025-04-26 20:52:29.953838,48,Low,A027
T0905,C039,Cloud Services,2025-01-25 17:02:21,2025-01-26 15:20:05.434874,48,Medium,A016
T0906,C030,Networking,2024-12-31 21:46:25,2025-01-02 16:10:36.086426,72,Medium,A012
T0907,C026,IT Support,2024-11-08 01:23:05,2024-11-13 00:09:24.895844,48,Low,A029
T0908,C023,Networking,2024-12-27 07:17:53,2024-12-27 13:40:18.085938,72,Low,A006
T0909,C019,IT Support,2025-02-24 07:47:24,2025-02-26 04:10:25.447908,72,Medium,A030
T0910,C033,Networking,2025-04-03 03:14:09,2025-04-08 15:08:04.768682,48,High,A022
T0911,C021,Cloud Services,2024-11-15 06:42:35,2024-11-17 04:53:35.474496,48,High,A001
T0912,C002,Cloud Services,2025-03-29 16:33:10,2025-03-31 08:43:03.855636,48,Low,A012
T0913,C043,Networking,2025-04-06 19:56:28,2025-04-06 22:38:03.906805,48,Medium,A005
T0914,C031,Networking,2024-12-04 06:32:24,2024-12-08 23:47:57.093331,72,Medium,A027
T0915,C029,Cloud Services,2025-04-21 05:22:40,2025-04-22 23:56:27.471810,48,Medium,A012
T0916,C021,Security,2025-03-29 21:51:00,2025-04-04 09:19:54.255082,48,Low,A014
T0917,C049,IT Support,2025-03-08 23:57:43,2025-03-09 08:35:46.031933,48,Low,A022
T0918,C042,IT Support,2024-11-08 15:31:26,2024-11-08 18:28:22.182621,48,Medium,A010
T0919,C007,IT Support,2025-03-12 09:40:22,2025-03-13 23:15:36.116167,48,Low,A003
T0920,C015,Security,2025-04-09 00:03:40,2025-04-09 09:50:54.549838,48,Low,A015
T0921,C003,Cloud Services,2025-01-14 19:47:03,2025-01-18 16:24:32.218299,72,Low,A026
T0922,C021,Security,2024-12-26 01:25:53,2024-12-26 08:58:08.817250,48,Low,A023
T0923,C009,Cloud Services,2025-04-12 19:58:15,2025-04-14 07:14:46.734735,72,Low,A021
T0924,C038,Networking,2025-01-15 01:06:28,2025-01-15 03:30:14.243989,24,Low,A024
T0925,C010,Security,2024-11-14 06:05:46,2024-11-15 17:49:08.934125,48,Medium,A008
T0926,C012,IT Support,2025-01-12 03:24:58,2025-01-12 20:18:17.214228,24,Low,A026
T0927,C036,IT Support,2024-12-26 19:20:48,2024-12-29 15:12:15.155656,48,Low,A006
T0928,C018,Networking,2025-04-05 07:54:42,2025-04-07 15:15:21.785650,72,Medium,A014
T0929,C028,Security,2024-12-31 00:22:02,2024-12-31 16:31:49.465492,48,Medium,A015
T0930,C028,IT Support,2024-11-19 02:40:55,2024-11-20 04:18:30.727222,48,Low,A025
T0931,C008,Networking,2024-11-17 20:52:53,2024-11-18 01:51:17.005978,72,Medium,A016
T0932,C005,IT Support,2024-12-10 18:32:07,2024-12-11 00:23:09.463087,48,Low,A018
T0933,C045,Networking,2025-03-01 19:54:40,2025-03-05 00:34:16.245548,48,Medium,A012
T0934,C011,Security,2024-12-30 10:11:40,2024-12-30 13:49:09.135348,48,High,A021
T0935,C045,Cloud Services,2025-03-13 14:03:58,2025-03-15 21:51:57.451180,72,Medium,A001
T0936,C023,Cloud Services,2024-11-30 03:23:54,2024-12-01 04:41:53.153899,72,Medium,A018
T0937,C033,Security,2024-12-27 19:17:36,2024-12-31 03:07:36.709324,48,Medium,A020
T0938,C026,Security,2024-11-11 15:58:43,2024-11-15 16:36:22.975585,24,Low,A003
T0939,C023,Cloud Services,2025-01-12 04:07:47,2025-01-13 09:40:30.273464,48,High,A016
T0940,C045,Networking,2025-04-18 02:52:59,2025-04-20 02:58:19.670126,72,Low,A023
T0941,C040,IT Support,2025-02-13 02:47:58,2025-02-19 01:54:06.477607,72,High,A001
T0942,C023,Security,2025-04-07 12:28:59,2025-04-08 09:29:05.880950,48,Medium,A030
T0943,C015,IT Support,2024-12-30 22:14:24,2025-01-05 12:13:38.195176,48,Medium,A007
T0944,C018,Cloud Services,2024-11-23 11:42:33,2024-11-25 02:24:33.461286,48,Medium,A008
T0945,C048,Cloud Services,2025-01-24 03:50:47,2025-01-24 17:56:47.782748,48,Medium,A027
T0946,C031,IT Support,2024-12-28 01:53:55,2024-12-30 10:53:18.678667,48,Medium,A016
T0947,C020,IT Support,2025-04-10 01:56:48,2025-04-10 08:39:32.730291,48,High,A028
T0948,C025,Networking,2025-04-21 05:25:38,2025-04-23 01:19:30.595286,48,Low,A006
T0949,C006,IT Support,2025-03-20 20:28:52,2025-03-25 15:00:55.390201,48,Medium,A002
T0950,C035,IT Support,2024-11-25 12:51:23,2024-12-01 05:05:39.207382,24,Low,A018
T0951,C024,IT Support,2024-12-19 10:19:08,2024-12-21 22:28:23.106975,48,Low,A001
T0952,C043,Networking,2025-02-08 06:07:30,2025-02-08 16:36:50.623106,24,High,A002
T0953,C025,Cloud Services,2025-04-10 18:56:10,2025-04-12 18:16:06.738553,72,Low,A009
T0954,C034,Cloud Services,2025-04-12 19:21:26,2025-04-14 12:06:19.276312,24,Low,A023
T0955,C045,Networking,2024-11-13 09:47:34,2024-11-14 09:06:22.661185,48,Medium,A006
T0956,C039,Security,2024-12-27 04:37:28,2024-12-29 02:29:36.626422,24,Low,A030
T0957,C024,Cloud Services,2024-11-03 11:20:39,2024-11-05 23:34:48.078525,48,Medium,A015
T0958,C045,IT Support,2025-02-19 17:21:58,2025-02-20 16:53:31.914989,72,Low,A017
T0959,C005,Security,2024-11-10 00:22:03,2024-11-10 01:20:38.335959,24,Medium,A015
T0960,C013,Cloud Services,2024-11-26 02:20:02,2024-11-28 06:32:45.731378,48,High,A010
T0961,C003,Cloud Services,2024-11-28 04:57:31,2024-11-28 16:10:34.105400,24,Medium,A009
T0962,C037,IT Support,2024-12-23 03:34:47,2024-12-23 10:41:13.592436,24,Low,A004
T0963,C010,Cloud Services,2025-02-26 12:50:07,2025-02-27 22:06:42.968350,48,Medium,A020
T0964,C023,Security,2025-03-09 06:14:26,2025-03-10 16:41:55.654442,48,High,A007
T0965,C026,Security,2025-03-19 13:20:27,2025-03-19 17:32:16.402726,48,High,A025
T0966,C017,IT Support,2024-11-08 00:23:32,2024-11-08 08:17:59.144828,48,Medium,A013
T0967,C006,Security,2025-02-14 19:52:53,2025-02-15 22:42:37.471283,48,Medium,A018
T0968,C005,Security,2025-03-18 22:05:36,2025-03-19 09:12:02.584254,48,Medium,A028
T0969,C016,Cloud Services,2025-04-06 13:10:48,2025-04-07 04:13:51.664112,24,High,A004
T0970,C035,Security,2025-03-15 17:47:09,2025-03-18 21:52:01.899330,48,Low,A019
T0971,C019,IT Support,2025-03-23 21:33:05,2025-03-30 03:48:07.260756,48,Low,A015
T0972,C018,Cloud Services,2024-12-11 19:02:49,2024-12-12 09:59:00.261875,72,Medium,A019
T0973,C013,Security,2024-12-23 09:14:05,2024-12-27 13:14:09.332513,48,High,A002
T0974,C018,Security,2024-12-05 07:16:22,2024-12-05 22:37:21.712489,72,High,A030
T0975,C024,Security,2024-11-08 19:47:46,2024-11-09 15:08:06.029754,48,Medium,A019
T0976,C011,Networking,2025-03-17 14:49:33,2025-03-18 08:21:45.701813,24,Low,A019
T0977,C039,Networking,2025-03-23 12:00:33,2025-03-29 14:09:07.525626,48,High,A019
T0978,C007,IT Support,2024-11-02 09:51:58,2024-11-08 05:44:42.566633,48,High,A029
T0979,C004,Security,2024-12-12 19:26:47,2024-12-15 12:28:20.780529,48,High,A022
T0980,C001,Security,2025-01-19 02:50:49,2025-01-19 20:27:35.449615,72,Low,A007
T0981,C011,Networking,2024-11-21 16:48:42,2024-11-22 16:01:16.005931,24,Medium,A018
T0982,C017,Security,2024-11-22 00:55:19,2024-11-23 01:35:06.863918,48,Medium,A016
T0983,C035,Cloud Services,2025-03-25 00:03:45,2025-03-28 12:59:35.226330,72,Medium,A016
T0984,C017,Cloud Services,2025-04-21 06:50:36,2025-04-23 16:09:36.865765,48,Medium,A023
T0985,C050,Security,2025-03-17 04:55:55,2025-03-19 02:22:37.188474,48,Low,A027
T0986,C008,Security,2024-11-06 00:23:01,2024-11-08 06:57:03.621712,48,Low,A015
T0987,C040,Cloud Services,2025-04-22 02:05:40,2025-04-26 01:40:39.735110,24,Medium,A030
T0988,C034,Networking,2024-12-09 12:54:15,2024-12-14 09:18:01.026488,48,Low,A014
T0989,C007,IT Support,2025-03-09 23:48:22,2025-03-10 20:02:57.663046,48,Low,A029
T0990,C027,Networking,2024-11-15 12:14:16,2024-11-16 14:02:36.198905,24,Medium,A005
T0991,C029,Cloud Services,2025-03-23 21:26:47,2025-03-26 01:40:31.788692,48,Medium,A021
T0992,C050,Networking,2025-03-14 11:54:01,2025-03-17 21:34:51.542478,72,Medium,A011
T0993,C002,Cloud Services,2025-03-18 17:18:55,2025-03-19 22:43:02.270916,48,Medium,A002
T0994,C025,IT Support,2025-02-13 23:26:39,2025-02-16 17:17:34.803015,48,Low,A016
T0995,C009,IT Support,2024-12-25 06:39:57,2024-12-26 05:20:05.279479,48,High,A002
T0996,C022,Networking,2024-12-26 15:58:44,2024-12-26 15:59:23.236659,72,High,A029
T0997,C018,Security,2025-03-27 12:11:37,2025-03-27 18:20:58.014496,24,High,A001
T0998,C018,Security,2024-12-31 08:41:45,2025-01-02 19:23:05.700906,48,Medium,A001
T0999,C036,Cloud Services,2024-12-15 06:38:36,2024-12-17 19:31:35.166937,24,High,A016
T1000,C024,Cloud Services,2025-02-11 16:06:22,2025-02-12 04:48:58.549360,72,Medium,A024
